-- MariaDB dump 10.19  Distrib 10.5.18-MariaDB, for debian-linux-gnu (x86_64)
--
-- Host: database    Database: webWMS
-- ------------------------------------------------------
-- Server version	10.5.16-MariaDB-1:10.5.16+maria~focal

/*!40101 SET @OLD_CHARACTER_SET_CLIENT=@@CHARACTER_SET_CLIENT */;
/*!40101 SET @OLD_CHARACTER_SET_RESULTS=@@CHARACTER_SET_RESULTS */;
/*!40101 SET @OLD_COLLATION_CONNECTION=@@COLLATION_CONNECTION */;
/*!40101 SET NAMES utf8mb4 */;
/*!40103 SET @OLD_TIME_ZONE=@@TIME_ZONE */;
/*!40103 SET TIME_ZONE='+00:00' */;
/*!40014 SET @OLD_UNIQUE_CHECKS=@@UNIQUE_CHECKS, UNIQUE_CHECKS=0 */;
/*!40014 SET @OLD_FOREIGN_KEY_CHECKS=@@FOREIGN_KEY_CHECKS, FOREIGN_KEY_CHECKS=0 */;
/*!40101 SET @OLD_SQL_MODE=@@SQL_MODE, SQL_MODE='NO_AUTO_VALUE_ON_ZERO' */;
/*!40111 SET @OLD_SQL_NOTES=@@SQL_NOTES, SQL_NOTES=0 */;

--
-- Table structure for table `article`
--

DROP TABLE IF EXISTS `article`;
/*!40101 SET @saved_cs_client     = @@character_set_client */;
/*!40101 SET character_set_client = utf8 */;
CREATE TABLE `article` (
  `article_id` int(11) NOT NULL AUTO_INCREMENT,
  `article_nr` varchar(255) COLLATE utf8mb4_unicode_ci NOT NULL,
  `article_name` varchar(255) COLLATE utf8mb4_unicode_ci NOT NULL,
  `article_category` varchar(255) COLLATE utf8mb4_unicode_ci NOT NULL,
  `article_weight` decimal(10,2) NOT NULL,
  `article_ean` varchar(15) COLLATE utf8mb4_unicode_ci NOT NULL,
  `article_unit` varchar(10) COLLATE utf8mb4_unicode_ci NOT NULL,
  `article_depth` decimal(6,2) NOT NULL,
  `article_width` decimal(6,2) NOT NULL,
  `article_height` decimal(6,2) NOT NULL,
  `stock_out_strategy` varchar(10) COLLATE utf8mb4_unicode_ci NOT NULL,
  `le_quantity` decimal(6,2) NOT NULL,
  `standard_loading_equipment` varchar(10) COLLATE utf8mb4_unicode_ci NOT NULL,
  `created_at` datetime DEFAULT NULL,
  `updated_at` datetime DEFAULT NULL,
  PRIMARY KEY (`article_id`)
) ENGINE=InnoDB AUTO_INCREMENT=29 DEFAULT CHARSET=utf8mb4 COLLATE=utf8mb4_unicode_ci;
/*!40101 SET character_set_client = @saved_cs_client */;

--
-- Dumping data for table `article`
--

LOCK TABLES `article` WRITE;
/*!40000 ALTER TABLE `article` DISABLE KEYS */;
INSERT INTO `article` VALUES (1,'60004','Telefon MBO Alpha 1600 CT','DECT-Telefone',1500.00,'','Stk',250.00,110.00,150.00,'FIFO',480.00,'BLOCK','2019-08-01 09:25:10','2023-02-16 05:34:41'),(2,'60008','Telefon MBO Alpha 1650 CT','DECT-Telefone',1400.00,'4260151600083','Stk',250.00,110.00,150.00,'FIFO',480.00,'BLOCK','2019-08-01 09:25:10','2023-01-27 19:37:06'),(3,'90001','Monitor LG 22MK600M-B LED 21.5 Zoll Full-HD','Monitore',3700.00,'8806098206001','Stk',363.00,561.00,139.00,'FIFO',50.00,'BLOCK','2019-08-01 09:25:10',NULL),(4,'80025','Desktop PC Aspire XC-885 - Schwarz','Desktop PCs',7000.00,'4710180084016','Stk',497.00,170.00,405.00,'FIFO',24.00,'BLOCK','2019-08-01 09:25:10',NULL),(5,'71105','Notebook Asus VivoBook 17 F705UA-BX831T - Grau','Notebooks',4300.00,'4718017246217','Stk',497.00,533.00,75.00,'FIFO',50.00,'BLOCK','2019-08-01 09:25:10',NULL),(28,'90002','TestArtikel','TestKategorie',1300.00,'240125632165','Stk.',300.00,400.00,500.00,'FIFO',200.00,'KARTON','2023-04-05 12:46:50',NULL);
/*!40000 ALTER TABLE `article` ENABLE KEYS */;
UNLOCK TABLES;

--
-- Table structure for table `booking_method`
--

DROP TABLE IF EXISTS `booking_method`;
/*!40101 SET @saved_cs_client     = @@character_set_client */;
/*!40101 SET character_set_client = utf8 */;
CREATE TABLE `booking_method` (
  `id` int(11) NOT NULL AUTO_INCREMENT,
  `confirmation` int(11) NOT NULL,
  `movement_type` varchar(10) COLLATE utf8mb4_unicode_ci NOT NULL,
  `description` varchar(100) COLLATE utf8mb4_unicode_ci NOT NULL,
  `ansteuerung` int(11) NOT NULL,
  `upload` int(11) NOT NULL,
  `statistics` int(11) NOT NULL,
  `priority` int(11) NOT NULL,
  `tid_description` int(11) DEFAULT NULL,
  PRIMARY KEY (`id`)
) ENGINE=InnoDB AUTO_INCREMENT=602 DEFAULT CHARSET=utf8mb4 COLLATE=utf8mb4_unicode_ci;
/*!40101 SET character_set_client = @saved_cs_client */;

--
-- Dumping data for table `booking_method`
--

LOCK TABLES `booking_method` WRITE;
/*!40000 ALTER TABLE `booking_method` DISABLE KEYS */;
INSERT INTO `booking_method` VALUES (101,1,'SI101','EINLAGERN DIREKT',1,1,1,0,101),(102,1,'SI102','WARENEINGANG (AUS WE-SCHEIN)',1,1,1,0,102),(103,1,'SI103','ZUGANG AUS PRODUKTION',1,1,1,0,103),(104,1,'SI104','RüCKGABE VON KOSTENSTELLE',1,1,1,0,104),(105,1,'SI105','BUCHEN IN LAGEREINHEIT',1,1,1,0,105),(106,1,'IG106','WE ZUR BESTELLUNG',1,1,1,0,106),(107,1,'SI107','EINLAGERN MIT LHM-WAHL',1,1,1,0,107),(108,1,'IG108','WE NACH ARTIKEL',1,1,1,0,108),(109,1,'IG109','WE-SCHEIN (SCANNEN)',1,1,1,0,109),(110,1,'IG110','WE MIT LHM-WAHL',1,1,1,0,110),(111,1,'IG111','EINLAGERN DIREKT IN WE-ZONE',1,1,1,0,111),(112,0,'CC112','RUECKGABE VON KOSTENSTELLE',2,1,1,0,112),(113,0,'IN113','EINLAGERN DIR. AUF KOSTENSTELLE',2,1,1,0,113),(114,0,'IN114','EINLAGERN DIR. AUF WARENAUSGANG',2,1,1,0,114),(115,0,'CC115','RÜCKGABE LE VON KST',2,1,1,0,115),(116,0,'IN116','EINLAGERN LHM-VORSCHLAG',1,1,1,0,116),(118,0,'MQ118','FEHLBESTAND ANLEGEN',1,1,1,0,118),(130,0,'IG130','WE z.BESTELLUNG/LHM-WAHL',1,1,1,0,130),(151,1,'OT151','AUSLAGERN DIREKT',1,1,1,0,NULL),(152,1,'OT152','AUSLAGERN+KOSTENSTELLE ERFASSEN',1,1,1,0,NULL),(153,1,'CC153','AUSLEIHEN AUF KOSTENSTELLE',1,1,1,0,NULL),(154,1,'CT154','VERBRAUCH/SCHROTT AUF KST',1,1,1,0,NULL),(155,1,'OT155','AUSBUCHEN AUS LE',1,1,1,0,NULL),(157,0,'DP157','VERSAND AUS WA',2,1,1,0,NULL),(158,1,'OT158','AUFTRAG-POSITION AUSLAGERN ',1,1,1,0,NULL),(159,0,'DP159','AUS WE AUSLAGERN',2,1,1,0,NULL),(160,1,'OT160','AUSLAGERN MIT KONTROLLSCANNEN',1,1,1,0,NULL),(161,0,'DP161','VERSAND LAGEREINHEIT',2,1,1,0,NULL),(162,0,'DP162','LE=>VERSAND NACH AUFTRAG',2,1,1,0,NULL),(163,0,'DP163','LE=>VERSAND DIREKT',2,1,1,0,NULL),(180,1,'CC180','AUFTRAG AUSLEIHE (NUR VBN)',1,1,1,0,NULL),(181,1,'OO181','AUFTRAG AUSLAGERN',1,1,1,0,NULL),(182,1,'OO182','AUFTRAG AUSLAGERN MIT KST',1,1,1,0,NULL),(183,1,'CC183','AUFTRAG AUSLEIHE AUF KST',1,1,1,0,NULL),(184,1,'MQ184','AUFTRAG RESTMENGENVERW.',1,1,1,0,NULL),(185,1,'OO185','AUFTRAG AUSLAGERN BYPASS',1,1,1,0,NULL),(186,1,'OT186','MULTIPICK',1,1,1,0,NULL),(187,1,'OO187','AUFTRAG NACH WA-ZONE',1,1,1,0,NULL),(188,1,'OO188','SAMMELKOMMISION LE',1,1,1,0,NULL),(189,1,'OO189','AUFTRAG VON KST FERTIG MELDEN',1,1,1,0,NULL),(191,0,'OO191','AUFTRAG üBER GANZE LE',2,1,1,2,NULL),(192,1,'DP192','MIT AUFTRAG LE=>VERSAND',1,1,1,0,NULL),(193,1,'DP193','MIT AUFTRAG =>VERSAND',1,1,1,0,NULL),(194,0,'DP194','VERPACKEN',2,1,1,0,NULL),(201,0,'TR201','UMLAGERN LV DIALOG',2,0,0,1,NULL),(202,0,'CR202','MENGENKORREKTUR IM TA',0,1,0,0,NULL),(203,0,'CR203','BESTANDSKORREKTUR AUF LP',0,0,0,0,NULL),(205,0,'TR205','ZULAGERN (NACHSCHUB)',2,0,0,0,NULL),(206,0,'TR206','UMLAGERN VON ',2,0,0,0,NULL),(207,0,'TR207','WARENEINGANG WE=>LV',0,1,0,0,NULL),(208,0,'TR208','UMLAGERN LV=>WA',0,1,0,0,NULL),(209,0,'TR209','UMLAGERN KST / KST',0,0,0,0,NULL),(213,0,'CR213','UMBUCHEN LV=>KPL-WKZ',0,1,0,0,NULL),(214,0,'CR214','UMBUCHEN KPL-WKZ=>LV',0,1,0,0,NULL),(215,0,'CR215','AUTOM. KORREKTUR',0,1,0,0,NULL),(216,0,'TR216','AUSLEIHE LV=>KST',0,1,0,0,NULL),(218,0,'DP218','WARENAUSGANG LE=>WA',0,1,0,0,NULL),(219,0,'DP219','VERAPCKEN WA=>LE',0,1,0,0,NULL),(220,0,'VL220','VORLAUFMENGE ABBUCHEN',0,1,0,0,NULL),(222,0,'TR222','UMLAGERN WE=>WA',0,1,0,0,NULL),(351,0,'CQ351','CAQ - ISTWERTAUFNAHME',0,1,0,0,NULL),(361,0,'PN361','ARTIKELABRUF PATERNOSTER',0,1,0,0,NULL),(365,0,'SC365','SCAN TA/ZONE =>MFR',0,1,0,0,NULL),(366,0,'SC233','SCAN TA / ARTIKEL',0,1,0,0,NULL),(401,0,'IV401','INVENTORY BOOKING',0,1,0,0,NULL),(402,0,'IV402','INVENTORY WITH TO',0,1,0,0,NULL),(403,0,'IV403','INVENTORY FOR HOST',0,1,0,0,NULL),(501,0,'LB501','PRINTING CLIENT DEP. LABELS',0,1,0,0,NULL),(600,0,'FL600','LAGERPLATZ ANLEGEN',0,0,0,0,NULL),(601,0,'FL601','SQL LAGERPLATZ ANLEGEN',0,0,0,0,NULL);
/*!40000 ALTER TABLE `booking_method` ENABLE KEYS */;
UNLOCK TABLES;

--
-- Table structure for table `configuration`
--

DROP TABLE IF EXISTS `configuration`;
/*!40101 SET @saved_cs_client     = @@character_set_client */;
/*!40101 SET character_set_client = utf8 */;
CREATE TABLE `configuration` (
  `id` int(11) NOT NULL AUTO_INCREMENT,
  `name` varchar(255) COLLATE utf8mb4_unicode_ci NOT NULL,
  `value` longtext COLLATE utf8mb4_unicode_ci NOT NULL,
  `label` varchar(255) COLLATE utf8mb4_unicode_ci NOT NULL,
  `description` varchar(255) COLLATE utf8mb4_unicode_ci DEFAULT NULL,
  `type` varchar(255) COLLATE utf8mb4_unicode_ci NOT NULL,
  PRIMARY KEY (`id`)
) ENGINE=InnoDB AUTO_INCREMENT=3 DEFAULT CHARSET=utf8mb4 COLLATE=utf8mb4_unicode_ci;
/*!40101 SET character_set_client = @saved_cs_client */;

--
-- Dumping data for table `configuration`
--

LOCK TABLES `configuration` WRITE;
/*!40000 ALTER TABLE `configuration` DISABLE KEYS */;
INSERT INTO `configuration` VALUES (1,'vertical_menu','true','vertical_menu',NULL,'layout');
/*!40000 ALTER TABLE `configuration` ENABLE KEYS */;
UNLOCK TABLES;

--
-- Table structure for table `customer`
--

DROP TABLE IF EXISTS `customer`;
/*!40101 SET @saved_cs_client     = @@character_set_client */;
/*!40101 SET character_set_client = utf8 */;
CREATE TABLE `customer` (
  `customer_id` int(11) NOT NULL AUTO_INCREMENT,
  `customer_nr` int(11) NOT NULL,
  `customer_name` varchar(255) COLLATE utf8mb4_unicode_ci NOT NULL,
  `customer_address_addition` varchar(255) COLLATE utf8mb4_unicode_ci DEFAULT NULL,
  `customer_address_street` varchar(255) COLLATE utf8mb4_unicode_ci NOT NULL,
  `customer_address_street_nr` varchar(10) COLLATE utf8mb4_unicode_ci NOT NULL,
  `customer_country_code` varchar(10) COLLATE utf8mb4_unicode_ci NOT NULL,
  `customer_zip_code` varchar(10) COLLATE utf8mb4_unicode_ci NOT NULL,
  `customer_city` varchar(255) COLLATE utf8mb4_unicode_ci NOT NULL,
  `created_at` datetime DEFAULT NULL,
  `updated_at` datetime DEFAULT NULL,
  PRIMARY KEY (`customer_id`)
) ENGINE=InnoDB AUTO_INCREMENT=29 DEFAULT CHARSET=utf8mb4 COLLATE=utf8mb4_unicode_ci;
/*!40101 SET character_set_client = @saved_cs_client */;

--
-- Dumping data for table `customer`
--

LOCK TABLES `customer` WRITE;
/*!40000 ALTER TABLE `customer` DISABLE KEYS */;
INSERT INTO `customer` VALUES (1,60000,'ALDI Zeven','Filiale Zeven','Nord-West-Ring','5','DE','27404','Zeven','2019-03-01 00:00:00','2023-03-29 22:41:29'),(2,60001,'ALDI Buxtehude','Filiale Buxtehude','Stader Straße','10','DE','21614','Buxtehude','2019-03-01 00:00:00',NULL),(3,60002,'ALDI Harsefeld','Filiale Harsefeld','Paschberg','22','DE','21698','Harsefeld','2019-03-01 00:00:00',NULL),(4,60003,'ALDI Hamburg-Winterhude','Filiale Hamburg-Winterhude','Barmbeker Straße','17-25','DE','22303','Hamburg','2019-03-01 00:00:00',NULL),(5,60004,'ALDI Wismar','Filiale Wismar','Bürgermeister-Haupt-Straße','56','DE','23966','Wismar','2019-03-01 00:00:00',NULL),(6,60005,'ALDI Usedom','Filiale Usedom','Bäderstraße','3','DE','17406','Usedom','2019-03-01 00:00:00',NULL),(7,60006,'ALDI Schwerin','Filiale Schwerin','Am Margaretenhof','12','DE','19057','Schwerin','2019-03-01 00:00:00',NULL),(8,60008,'ALDI Rostock-Warnemünde','Filiale Rostock-Warnemünde','Lortzing Straße','19a','DE','18119','Rostock','2019-03-01 00:00:00',NULL),(9,60009,'ALDI Stralsund','Filiale Stralsund','Gustower Weg','3','DE','18439','Stralsund','2019-03-01 00:00:00',NULL),(10,60010,'ALDI Greifswald','Filiale Greifswald','Bahnhofstraße','44','DE','17489','Greifswald','2019-03-01 00:00:00',NULL),(11,60011,'LIDL Usedom','Filiale Heringsdorf','Ahlbecker Chaussee','9','DE','17429','Heringsdorf','2019-03-01 00:00:00',NULL),(12,60012,'LIDL Schwerin','Filiale Schwerin','Greifswalder Straße','1','DE','19057','Schwerin','2019-03-01 00:00:00',NULL),(13,60013,'LIDL Stralsund','Filiale Stralsund','Feldstraße','1','DE','18437','Stralsund','2019-03-01 00:00:00',NULL),(14,60014,'LIDL Buxtehude','Filiale Buxtehude','Bei der Fischtreppe','2','DE','21614','Buxtehude','2019-03-01 00:00:00',NULL),(15,60015,'LIDL Greifswald','Filiale Greifswald','Anklamer Straße','30','DE','17489','Greifswald','2019-03-01 00:00:00',NULL),(16,60016,'LIDL Zeven','Filiale Zeven','Kivinanstraße','41','DE','27404','Zeven','2019-03-01 00:00:00',NULL),(17,60017,'LIDL Rostock','Filiale Rostock','Neubrandenburger Straße','10','DE','18055','Rostock','2019-03-01 00:00:00',NULL),(18,60018,'LIDL Harsefeld','Filiale Harsefeld','Buxtehuder Straße','17','DE','21698','Harsefeld','2019-03-01 00:00:00','2022-07-15 06:02:22'),(19,60019,'LIDL Hamburg','Filiale Hamburg','Borgweg','2a','DE','22303','Hamburg','2019-03-01 00:00:00',NULL),(20,60020,'LIDL Wismar','Filiale Wismar','Am Wiesengrund','3','DE','23970','Wismar','2019-03-01 00:00:00',NULL),(21,60021,'ALDI Stade','Filiale Stade','Am Steinkamp','3','DE','21684','Stade','2019-03-01 00:00:00',NULL),(28,60022,'TestKunde',NULL,'TestStraße','10','DE','07747','Jena','2023-03-23 22:20:22',NULL);
/*!40000 ALTER TABLE `customer` ENABLE KEYS */;
UNLOCK TABLES;

--
-- Table structure for table `customer_orders`
--

DROP TABLE IF EXISTS `customer_orders`;
/*!40101 SET @saved_cs_client     = @@character_set_client */;
/*!40101 SET character_set_client = utf8 */;
CREATE TABLE `customer_orders` (
  `id` int(11) NOT NULL AUTO_INCREMENT,
  `customer_order_id` int(11) NOT NULL,
  `usr_id` int(11) NOT NULL,
  `customer_id` int(11) NOT NULL,
  `customer_order_nr` varchar(255) COLLATE utf8mb4_unicode_ci NOT NULL,
  `customer_order_reference` varchar(255) COLLATE utf8mb4_unicode_ci DEFAULT NULL,
  `customer_order_date` datetime DEFAULT NULL,
  `customer_order_creation_date` datetime DEFAULT NULL,
  `created_at` datetime DEFAULT NULL,
  `updated_at` datetime DEFAULT NULL,
  PRIMARY KEY (`id`)
) ENGINE=InnoDB AUTO_INCREMENT=710021 DEFAULT CHARSET=utf8mb4 COLLATE=utf8mb4_unicode_ci;
/*!40101 SET character_set_client = @saved_cs_client */;

--
-- Dumping data for table `customer_orders`
--

LOCK TABLES `customer_orders` WRITE;
/*!40000 ALTER TABLE `customer_orders` DISABLE KEYS */;
INSERT INTO `customer_orders` VALUES (710001,710001,4,1,'VLS-01-710001','Telefon Aktion ALDI, Filiale Zeven','2019-06-01 00:00:00','2019-03-01 00:00:00','2019-03-01 00:00:00',NULL),(710002,710002,2,2,'VLS-01-710002','Telefon Aktion ALDI, Filiale Buxtehude','2019-06-01 00:00:00','2019-03-01 00:00:00','2019-03-01 00:00:00',NULL),(710003,710003,3,3,'VLS-01-710003','Telefon Aktion ALDI, Filiale Harsefeld','2019-06-01 00:00:00','2019-03-01 00:00:00','2019-03-01 00:00:00',NULL),(710004,710004,2,4,'VLS-01-710004','Telefon Aktion ALDI, Filiale Hamburg','2019-06-01 00:00:00','2019-03-01 00:00:00','2019-03-01 00:00:00',NULL),(710005,710005,4,5,'VLS-01-710005','Telefon Aktion ALDI, Filiale Wismar','2019-06-01 00:00:00','2019-03-01 00:00:00','2019-03-01 00:00:00',NULL),(710006,710006,4,6,'VLS-01-710006','Telefon Aktion ALDI, Filiale Usedom','2019-06-01 00:00:00','2019-03-01 00:00:00','2019-03-01 00:00:00',NULL),(710007,710007,3,7,'VLS-01-710007','Telefon Aktion ALDI, Filiale Schwerin','2019-06-01 00:00:00','2019-03-01 00:00:00','2019-03-01 00:00:00',NULL),(710008,710008,4,8,'VLS-01-710008','Telefon Aktion ALDI, Filiale Rostock','2019-06-01 00:00:00','2019-03-01 00:00:00','2019-03-01 00:00:00',NULL),(710009,710009,2,9,'VLS-01-710009','Telefon Aktion ALDI, Filiale Stralsund','2019-06-01 00:00:00','2019-03-01 00:00:00','2019-03-01 00:00:00',NULL),(710010,710010,3,10,'VLS-01-710010','Telefon Aktion ALDI, Filiale Greifswald','2019-06-01 00:00:00','2019-03-01 00:00:00','2019-03-01 00:00:00',NULL),(710011,710011,4,11,'VLS-01-710011','PC Aktion LIDL, Filiale Usedom','2019-03-15 00:00:00','2019-03-01 00:00:00','2019-03-01 00:00:00',NULL),(710012,710012,2,12,'VLS-01-710012','PC Aktion LIDL, Filiale Schwerin','2019-03-15 00:00:00','2019-03-01 00:00:00','2019-03-01 00:00:00',NULL),(710013,710013,2,13,'VLS-01-710013','PC Aktion LIDL, Filiale Stralsund','2019-03-15 00:00:00','2019-03-01 00:00:00','2019-03-01 00:00:00',NULL),(710014,710014,3,14,'VLS-01-710014','PC Aktion LIDL, Filiale Buxtehude','2019-03-15 00:00:00','2019-03-01 00:00:00','2019-03-01 00:00:00',NULL),(710015,710015,4,15,'VLS-01-710015','PC Aktion LIDL, Filiale Greifswald','2019-03-15 00:00:00','2019-03-01 00:00:00','2019-03-01 00:00:00',NULL),(710016,710016,2,16,'VLS-01-710016','PC Aktion LIDL, Filiale Zeven','2019-03-15 00:00:00','2019-03-01 00:00:00','2019-03-01 00:00:00',NULL),(710017,710017,3,17,'VLS-01-710017','PC Aktion LIDL, Filiale Rostock','2019-03-15 00:00:00','2019-03-01 00:00:00','2019-03-01 00:00:00',NULL),(710018,710018,4,18,'VLS-01-710018','PC Aktion LIDL, Filiale Harsefeld','2019-03-15 00:00:00','2019-03-01 00:00:00','2019-03-01 00:00:00',NULL),(710019,710019,2,19,'VLS-01-710019','PC Aktion LIDL, Filiale Hamburg','2019-03-15 00:00:00','2019-03-01 00:00:00','2019-03-01 00:00:00',NULL),(710020,710020,4,20,'VLS-01-710020','PC Aktion LIDL, Filiale Wismar','2019-03-15 00:00:00','2019-03-01 00:00:00','2019-03-01 00:00:00',NULL);
/*!40000 ALTER TABLE `customer_orders` ENABLE KEYS */;
UNLOCK TABLES;

--
-- Table structure for table `customer_orders_pos`
--

DROP TABLE IF EXISTS `customer_orders_pos`;
/*!40101 SET @saved_cs_client     = @@character_set_client */;
/*!40101 SET character_set_client = utf8 */;
CREATE TABLE `customer_orders_pos` (
  `id` int(11) NOT NULL AUTO_INCREMENT,
  `customer_order_id` int(11) NOT NULL,
  `article_id` int(11) NOT NULL,
  `article_nr` varchar(50) COLLATE utf8mb4_unicode_ci NOT NULL,
  `article_name` varchar(255) COLLATE utf8mb4_unicode_ci NOT NULL,
  `quantity` int(11) NOT NULL,
  `created_at` datetime DEFAULT NULL,
  `updated_at` datetime DEFAULT NULL,
  PRIMARY KEY (`id`),
  KEY `IDX_79BB03C6A15A2E17` (`customer_order_id`),
  CONSTRAINT `FK_79BB03C6A15A2E17` FOREIGN KEY (`customer_order_id`) REFERENCES `customer_orders` (`id`)
) ENGINE=InnoDB AUTO_INCREMENT=41 DEFAULT CHARSET=utf8mb4 COLLATE=utf8mb4_unicode_ci;
/*!40101 SET character_set_client = @saved_cs_client */;

--
-- Dumping data for table `customer_orders_pos`
--

LOCK TABLES `customer_orders_pos` WRITE;
/*!40000 ALTER TABLE `customer_orders_pos` DISABLE KEYS */;
INSERT INTO `customer_orders_pos` VALUES (1,710001,1,'60004','Telefon MBO Alpha 1600 CT',80,'2019-03-01 00:00:00',NULL),(2,710001,2,'60008','Telefon MBO Alpha 1650 CT',80,'2019-03-01 00:00:00',NULL),(3,710002,1,'60004','Telefon MBO Alpha 1600 CT',80,'2019-03-01 00:00:00',NULL),(4,710002,2,'60008','Telefon MBO Alpha 1650 CT',80,'2019-03-01 00:00:00',NULL),(5,710003,1,'60004','Telefon MBO Alpha 1600 CT',80,'2019-03-01 00:00:00',NULL),(6,710003,2,'60008','Telefon MBO Alpha 1650 CT',80,'2019-03-01 00:00:00',NULL),(7,710004,1,'60004','Telefon MBO Alpha 1600 CT',80,'2019-03-01 00:00:00',NULL),(8,710004,2,'60008','Telefon MBO Alpha 1650 CT',80,'2019-03-01 00:00:00',NULL),(9,710005,1,'60004','Telefon MBO Alpha 1600 CT',80,'2019-03-01 00:00:00',NULL),(10,710005,2,'60008','Telefon MBO Alpha 1650 CT',80,'2019-03-01 00:00:00',NULL),(11,710006,1,'60004','Telefon MBO Alpha 1600 CT',80,'2019-03-01 00:00:00',NULL),(12,710006,2,'60008','Telefon MBO Alpha 1650 CT',80,'2019-03-01 00:00:00',NULL),(13,710007,1,'60004','Telefon MBO Alpha 1600 CT',80,'2019-03-01 00:00:00',NULL),(14,710007,2,'60008','Telefon MBO Alpha 1650 CT',80,'2019-03-01 00:00:00',NULL),(15,710008,1,'60004','Telefon MBO Alpha 1600 CT',80,'2019-03-01 00:00:00',NULL),(16,710008,2,'60008','Telefon MBO Alpha 1650 CT',80,'2019-03-01 00:00:00',NULL),(17,710009,1,'60004','Telefon MBO Alpha 1600 CT',80,'2019-03-01 00:00:00',NULL),(18,710009,2,'60008','Telefon MBO Alpha 1650 CT',80,'2019-03-01 00:00:00',NULL),(19,710010,1,'60004','Telefon MBO Alpha 1600 CT',80,'2019-03-01 00:00:00',NULL),(20,710010,2,'60008','Telefon MBO Alpha 1650 CT',80,'2019-03-01 00:00:00',NULL),(21,710011,4,'80025','Desktop PC Aspire XC-885 - Schwarz',24,'2019-03-01 00:00:00',NULL),(22,710011,5,'71105','Notebook Asus VivoBook 17 F705UA-BX831T - Grau',24,'2019-03-01 00:00:00',NULL),(23,710012,4,'80025','Desktop PC Aspire XC-885 - Schwarz',24,'2019-03-01 00:00:00',NULL),(24,710012,5,'71105','Notebook Asus VivoBook 17 F705UA-BX831T - Grau',24,'2019-03-01 00:00:00',NULL),(25,710013,4,'80025','Desktop PC Aspire XC-885 - Schwarz',24,'2019-03-01 00:00:00',NULL),(26,710013,5,'71105','Notebook Asus VivoBook 17 F705UA-BX831T - Grau',24,NULL,NULL),(27,710014,4,'80025','Desktop PC Aspire XC-885 - Schwarz',24,NULL,NULL),(28,710014,5,'71105','Notebook Asus VivoBook 17 F705UA-BX831T - Grau',24,NULL,NULL),(29,710015,4,'80025','Desktop PC Aspire XC-885 - Schwarz',24,NULL,NULL),(30,710015,5,'71105','Notebook Asus VivoBook 17 F705UA-BX831T - Grau',24,NULL,NULL),(31,710016,4,'80025','Desktop PC Aspire XC-885 - Schwarz',24,NULL,NULL),(32,710016,5,'71105','Notebook Asus VivoBook 17 F705UA-BX831T - Grau',24,NULL,NULL),(33,710017,4,'80025','Desktop PC Aspire XC-885 - Schwarz',24,NULL,NULL),(34,710017,5,'71105','Notebook Asus VivoBook 17 F705UA-BX831T - Grau',24,NULL,NULL),(35,710018,4,'80025','Desktop PC Aspire XC-885 - Schwarz',24,NULL,NULL),(36,710018,5,'71105','Notebook Asus VivoBook 17 F705UA-BX831T - Grau',24,NULL,NULL),(37,710019,4,'80025','Desktop PC Aspire XC-885 - Schwarz',24,NULL,NULL),(38,710019,5,'71105','Notebook Asus VivoBook 17 F705UA-BX831T - Grau',24,NULL,NULL),(39,710020,4,'80025','Desktop PC Aspire XC-885 - Schwarz',24,NULL,NULL),(40,710020,5,'71105','Notebook Asus VivoBook 17 F705UA-BX831T - Grau',24,NULL,NULL);
/*!40000 ALTER TABLE `customer_orders_pos` ENABLE KEYS */;
UNLOCK TABLES;

--
-- Table structure for table `logging`
--

DROP TABLE IF EXISTS `logging`;
/*!40101 SET @saved_cs_client     = @@character_set_client */;
/*!40101 SET character_set_client = utf8 */;
CREATE TABLE `logging` (
  `id` int(11) NOT NULL AUTO_INCREMENT,
  `route` varchar(100) NOT NULL,
  `message` varchar(255) NOT NULL,
  `date` datetime NOT NULL,
  `user` varchar(100) NOT NULL,
  `ip_address` varchar(20) NOT NULL,
  `user_agent` varchar(255) NOT NULL,
  PRIMARY KEY (`id`)
) ENGINE=InnoDB AUTO_INCREMENT=312 DEFAULT CHARSET=latin1;
/*!40101 SET character_set_client = @saved_cs_client */;

--
-- Dumping data for table `logging`
--

LOCK TABLES `logging` WRITE;
/*!40000 ALTER TABLE `logging` DISABLE KEYS */;
INSERT INTO `logging` VALUES (58,'edit_article','Der Artikel mit der Artikel-Nr. 60004 wurde geändert.','2023-01-31 07:06:50','Rene Irrgang','172.45.0.1','Mozilla/5.0 (X11; Linux x86_64) AppleWebKit/537.36 (KHTML, like Gecko) Chrome/109.0.0.0 Safari/537.36'),(59,'add_article','Der Artikel mit der Artikel-Nr. 90003 wurde angelegt.','2023-02-03 06:27:04','Rene Irrgang','172.45.0.1','Mozilla/5.0 (X11; Linux x86_64) AppleWebKit/537.36 (KHTML, like Gecko) Chrome/109.0.0.0 Safari/537.36'),(60,'add_article','Der Artikel mit der Artikel-Nr. 90004 wurde angelegt.','2023-02-03 08:35:59','Rene Irrgang','172.45.0.1','Mozilla/5.0 (X11; Linux x86_64) AppleWebKit/537.36 (KHTML, like Gecko) Chrome/109.0.0.0 Safari/537.36'),(61,'edit_article','Der Artikel mit der Artikel-Nr. 90002 wurde geändert.','2023-02-04 10:02:40','ReneIrrgang','172.45.0.1','Mozilla/5.0 (X11; Linux x86_64) AppleWebKit/537.36 (KHTML, like Gecko) Chrome/109.0.0.0 Safari/537.36'),(62,'edit_article','Der Artikel mit der Artikel-Nr. 90002 wurde geändert.','2023-02-04 10:04:52','ReneIrrgang','172.45.0.1','Mozilla/5.0 (X11; Linux x86_64) AppleWebKit/537.36 (KHTML, like Gecko) Chrome/109.0.0.0 Safari/537.36'),(63,'edit_article','Der Artikel mit der Artikel-Nr. 90002 wurde geändert.','2023-02-04 10:05:42','ReneIrrgang','172.45.0.1','Mozilla/5.0 (X11; Linux x86_64) AppleWebKit/537.36 (KHTML, like Gecko) Chrome/109.0.0.0 Safari/537.36'),(64,'edit_article','Der Artikel mit der Artikel-Nr. 90002 wurde geändert.','2023-02-04 10:06:51','ReneIrrgang','172.45.0.1','Mozilla/5.0 (X11; Linux x86_64) AppleWebKit/537.36 (KHTML, like Gecko) Chrome/109.0.0.0 Safari/537.36'),(65,'edit_customer','Der Kunde mit der Kunden-Nr. 60000 wurde geändert.','2023-02-04 10:52:19','ReneIrrgang','172.45.0.1','Mozilla/5.0 (X11; Linux x86_64) AppleWebKit/537.36 (KHTML, like Gecko) Chrome/109.0.0.0 Safari/537.36'),(66,'edit_customer','Der Kunde mit der Kunden-Nr. 60000 wurde geändert.','2023-02-04 10:52:33','ReneIrrgang','172.45.0.1','Mozilla/5.0 (X11; Linux x86_64) AppleWebKit/537.36 (KHTML, like Gecko) Chrome/109.0.0.0 Safari/537.36'),(67,'edit_supplier','Der Lieferant mit der Lieferanten-Nr. 70000 wurde geändert.','2023-02-04 10:53:15','ReneIrrgang','172.45.0.1','Mozilla/5.0 (X11; Linux x86_64) AppleWebKit/537.36 (KHTML, like Gecko) Chrome/109.0.0.0 Safari/537.36'),(68,'edit_supplier','Der Lieferant mit der Lieferanten-Nr. 70000 wurde geändert.','2023-02-04 10:53:25','ReneIrrgang','172.45.0.1','Mozilla/5.0 (X11; Linux x86_64) AppleWebKit/537.36 (KHTML, like Gecko) Chrome/109.0.0.0 Safari/537.36'),(69,'edit_supplier','Lieferant mit der Lieferanten-Nr. 70000 wurde geändert.','2023-02-04 11:14:53','ReneIrrgang','172.45.0.1','Mozilla/5.0 (X11; Linux x86_64) AppleWebKit/537.36 (KHTML, like Gecko) Chrome/109.0.0.0 Safari/537.36'),(70,'edit_supplier','Lieferant mit der Lieferanten-Nr. 70000 wurde geändert.','2023-02-04 11:17:06','ReneIrrgang','172.45.0.1','Mozilla/5.0 (X11; Linux x86_64) AppleWebKit/537.36 (KHTML, like Gecko) Chrome/109.0.0.0 Safari/537.36'),(71,'edit_supplier','Lieferant mit der Lieferanten-Nr. 70000 wurde geändert.','2023-02-04 11:17:40','ReneIrrgang','172.45.0.1','Mozilla/5.0 (X11; Linux x86_64) AppleWebKit/537.36 (KHTML, like Gecko) Chrome/109.0.0.0 Safari/537.36'),(72,'edit_supplier','Lieferant mit der Lieferanten-Nr. 70000 wurde geändert.','2023-02-04 11:17:51','ReneIrrgang','172.45.0.1','Mozilla/5.0 (X11; Linux x86_64) AppleWebKit/537.36 (KHTML, like Gecko) Chrome/109.0.0.0 Safari/537.36'),(73,'edit_article','Der Artikel mit der Artikel-Nr. 60004 wurde geändert.','2023-02-07 08:45:40','ReneIrrgang','172.45.0.1','Mozilla/5.0 (X11; Linux x86_64) AppleWebKit/537.36 (KHTML, like Gecko) Chrome/109.0.0.0 Safari/537.36'),(74,'edit_user','Der Benutzer brunolag wurde geändert.','2023-02-07 09:23:17','ReneIrrgang','172.45.0.1','Mozilla/5.0 (X11; Linux x86_64) AppleWebKit/537.36 (KHTML, like Gecko) Chrome/109.0.0.0 Safari/537.36'),(75,'edit_user','Der Benutzer brunolag wurde geändert.','2023-02-07 09:29:31','ReneIrrgang','172.45.0.1','Mozilla/5.0 (X11; Linux x86_64) AppleWebKit/537.36 (KHTML, like Gecko) Chrome/109.0.0.0 Safari/537.36'),(76,'edit_user','Der Benutzer brunolag wurde geändert.','2023-02-07 09:30:01','ReneIrrgang','172.45.0.1','Mozilla/5.0 (X11; Linux x86_64) AppleWebKit/537.36 (KHTML, like Gecko) Chrome/109.0.0.0 Safari/537.36'),(77,'edit_user','Der Benutzer brunolag wurde geändert.','2023-02-07 09:31:23','ReneIrrgang','172.45.0.1','Mozilla/5.0 (X11; Linux x86_64) AppleWebKit/537.36 (KHTML, like Gecko) Chrome/109.0.0.0 Safari/537.36'),(78,'edit_user_password','Das Passwort für den Benutzer brunolag wurde geändert.','2023-02-07 10:25:10','ReneIrrgang','172.45.0.1','Mozilla/5.0 (X11; Linux x86_64) AppleWebKit/537.36 (KHTML, like Gecko) Chrome/109.0.0.0 Safari/537.36'),(79,'edit_user_password','Das Passwort für den Benutzer rirrgang wurde geändert.','2023-02-07 11:26:36','ReneIrrgang','172.45.0.1','Mozilla/5.0 (X11; Linux x86_64) AppleWebKit/537.36 (KHTML, like Gecko) Chrome/109.0.0.0 Safari/537.36'),(80,'edit_user_password','Das Passwort für den Benutzer rirrgang wurde geändert.','2023-02-07 14:15:57','ReneIrrgang','172.45.0.1','Mozilla/5.0 (X11; Linux x86_64) AppleWebKit/537.36 (KHTML, like Gecko) Chrome/109.0.0.0 Safari/537.36'),(81,'edit_user_password','Das Passwort für den Benutzer rirrgang wurde geändert.','2023-02-07 14:17:26','ReneIrrgang','172.45.0.1','Mozilla/5.0 (X11; Linux x86_64) AppleWebKit/537.36 (KHTML, like Gecko) Chrome/109.0.0.0 Safari/537.36'),(82,'edit_user_password','Das Passwort für den Benutzer rirrgang wurde geändert.','2023-02-07 14:22:01','ReneIrrgang','172.45.0.1','Mozilla/5.0 (X11; Linux x86_64) AppleWebKit/537.36 (KHTML, like Gecko) Chrome/109.0.0.0 Safari/537.36'),(83,'edit_user_password','Das Passwort für den Benutzer rirrgang wurde geändert.','2023-02-07 16:04:14','ReneIrrgang','172.45.0.1','Mozilla/5.0 (X11; Linux x86_64) AppleWebKit/537.36 (KHTML, like Gecko) Chrome/109.0.0.0 Safari/537.36'),(84,'edit_user_password','Das Passwort für den Benutzer rirrgang wurde geändert.','2023-02-08 07:53:39','ReneIrrgang','172.45.0.1','Mozilla/5.0 (X11; Linux x86_64) AppleWebKit/537.36 (KHTML, like Gecko) Chrome/109.0.0.0 Safari/537.36'),(85,'edit_user_password','Das Passwort für den Benutzer rirrgang wurde geändert.','2023-02-08 08:42:12','ReneIrrgang','172.45.0.1','Mozilla/5.0 (X11; Linux x86_64) AppleWebKit/537.36 (KHTML, like Gecko) Chrome/109.0.0.0 Safari/537.36'),(86,'edit_user_password','Das Passwort für den Benutzer rirrgang wurde geändert.','2023-02-08 08:43:13','ReneIrrgang','172.45.0.1','Mozilla/5.0 (X11; Linux x86_64) AppleWebKit/537.36 (KHTML, like Gecko) Chrome/109.0.0.0 Safari/537.36'),(87,'edit_user_password','Das Passwort für den Benutzer rirrgang wurde geändert.','2023-02-08 08:49:40','ReneIrrgang','172.45.0.1','Mozilla/5.0 (X11; Linux x86_64) AppleWebKit/537.36 (KHTML, like Gecko) Chrome/109.0.0.0 Safari/537.36'),(88,'edit_customer','Der Kunde mit der Kunden-Nr. 60000 wurde geändert.','2023-02-08 09:48:22','ReneIrrgang','172.45.0.1','Mozilla/5.0 (X11; Linux x86_64) AppleWebKit/537.36 (KHTML, like Gecko) Chrome/109.0.0.0 Safari/537.36'),(89,'edit_user','Der Benutzer admin wurde geändert.','2023-02-08 12:59:16','RenéIrrgang','172.45.0.1','Mozilla/5.0 (X11; Linux x86_64) AppleWebKit/537.36 (KHTML, like Gecko) Chrome/109.0.0.0 Safari/537.36'),(90,'edit_user_password','Das Passwort für den Benutzer rirrgang wurde geändert.','2023-02-08 17:29:57','RenéIrrgang','172.45.0.1','Mozilla/5.0 (X11; Linux x86_64) AppleWebKit/537.36 (KHTML, like Gecko) Chrome/109.0.0.0 Safari/537.36'),(91,'edit_user','Der Benutzer admin wurde geändert.','2023-02-09 13:23:15','ReneIrrgang','172.45.0.1','Mozilla/5.0 (X11; Linux x86_64) AppleWebKit/537.36 (KHTML, like Gecko) Chrome/109.0.0.0 Safari/537.36'),(92,'edit_user','Der Benutzer admin wurde geändert.','2023-02-09 13:25:34','ReneIrrgang','172.45.0.1','Mozilla/5.0 (X11; Linux x86_64) AppleWebKit/537.36 (KHTML, like Gecko) Chrome/109.0.0.0 Safari/537.36'),(93,'edit_user','Der Benutzer rirrgang wurde geändert.','2023-02-09 14:43:50','ReneIrrgang','172.45.0.1','Mozilla/5.0 (X11; Linux x86_64) AppleWebKit/537.36 (KHTML, like Gecko) Chrome/109.0.0.0 Safari/537.36'),(94,'edit_customer','Der Kunde mit der Kunden-Nr. 60000 wurde geändert.','2023-02-13 05:56:20','ReneIrrgang','172.45.0.1','Mozilla/5.0 (X11; Linux x86_64) AppleWebKit/537.36 (KHTML, like Gecko) Chrome/109.0.0.0 Safari/537.36'),(95,'edit_article','Der Artikel mit der Artikel-Nr. 60004 wurde geändert.','2023-02-13 06:39:46','ReneIrrgang','172.45.0.1','Mozilla/5.0 (X11; Linux x86_64) AppleWebKit/537.36 (KHTML, like Gecko) Chrome/109.0.0.0 Safari/537.36'),(96,'add_article','Der Artikel mit der Artikel-Nr. 90004 wurde angelegt.','2023-02-13 06:58:19','ReneIrrgang','172.45.0.1','Mozilla/5.0 (X11; Linux x86_64) AppleWebKit/537.36 (KHTML, like Gecko) Chrome/109.0.0.0 Safari/537.36'),(97,'delete_article','Der Artikel mit der Artikel-Nr. 90004 wurde gelöscht.','2023-02-13 07:12:23','ReneIrrgang','172.45.0.1','Mozilla/5.0 (X11; Linux x86_64) AppleWebKit/537.36 (KHTML, like Gecko) Chrome/109.0.0.0 Safari/537.36'),(98,'edit_article','Der Artikel mit der Artikel-Nr. 60004 wurde geändert.','2023-02-13 07:13:20','ReneIrrgang','172.45.0.1','Mozilla/5.0 (X11; Linux x86_64) AppleWebKit/537.36 (KHTML, like Gecko) Chrome/109.0.0.0 Safari/537.36'),(99,'delete_article','Der Artikel mit der Artikel-Nr. 90003 wurde gelöscht.','2023-02-13 07:23:17','ReneIrrgang','172.45.0.1','Mozilla/5.0 (X11; Linux x86_64) AppleWebKit/537.36 (KHTML, like Gecko) Chrome/109.0.0.0 Safari/537.36'),(100,'add_customer','Der Kunde mit der Kunden-Nr. 60023 wurde angelegt.','2023-02-13 10:11:10','ReneIrrgang','172.45.0.1','Mozilla/5.0 (X11; Linux x86_64) AppleWebKit/537.36 (KHTML, like Gecko) Chrome/109.0.0.0 Safari/537.36'),(101,'edit_customer','Der Kunde mit der Kunden-Nr. 60023 wurde geändert.','2023-02-13 10:16:06','ReneIrrgang','172.45.0.1','Mozilla/5.0 (X11; Linux x86_64) AppleWebKit/537.36 (KHTML, like Gecko) Chrome/109.0.0.0 Safari/537.36'),(102,'edit_customer','Der Kunde mit der Kunden-Nr. 60023 wurde geändert.','2023-02-13 10:17:09','Rene Irrgang','172.45.0.1','Mozilla/5.0 (X11; Linux x86_64) AppleWebKit/537.36 (KHTML, like Gecko) Chrome/109.0.0.0 Safari/537.36'),(103,'add_customer','Der Kunde mit der Kunden-Nr. 60024 wurde angelegt.','2023-02-13 10:33:02','Rene Irrgang','172.45.0.1','Mozilla/5.0 (X11; Linux x86_64) AppleWebKit/537.36 (KHTML, like Gecko) Chrome/109.0.0.0 Safari/537.36'),(104,'edit_customer','Der Kunde mit der Kunden-Nr. 60024 wurde geändert.','2023-02-13 10:34:43','Rene Irrgang','172.45.0.1','Mozilla/5.0 (X11; Linux x86_64) AppleWebKit/537.36 (KHTML, like Gecko) Chrome/109.0.0.0 Safari/537.36'),(105,'delete_supplier','Der Lieferant mit der Lieferanten-Nr. 70002 wurde angelegt.','2023-02-13 14:49:17','Rene Irrgang','172.45.0.1','Mozilla/5.0 (X11; Linux x86_64) AppleWebKit/537.36 (KHTML, like Gecko) Chrome/109.0.0.0 Safari/537.36'),(106,'delete_customer','Der Kunde mit der Kunden-Nr. 60024 wurde gelöscht.','2023-02-13 14:49:57','Rene Irrgang','172.45.0.1','Mozilla/5.0 (X11; Linux x86_64) AppleWebKit/537.36 (KHTML, like Gecko) Chrome/109.0.0.0 Safari/537.36'),(107,'add_supplier_order','Die Bestellung mit der Bestell-Nr. EBE-01-100003 wurde angelegt.','2023-02-15 18:55:41','Rene Irrgang','172.45.0.1','Mozilla/5.0 (X11; Linux x86_64) AppleWebKit/537.36 (KHTML, like Gecko) Chrome/109.0.0.0 Safari/537.36'),(108,'add_supplier_order','Die Bestellung mit der Bestell-Nr. EBE-01-100003 wurde angelegt.','2023-02-15 19:00:12','Rene Irrgang','172.45.0.1','Mozilla/5.0 (X11; Linux x86_64) AppleWebKit/537.36 (KHTML, like Gecko) Chrome/109.0.0.0 Safari/537.36'),(109,'add_supplier_order','Die Bestellung mit der Bestell-Nr. EBE-01-100003 wurde angelegt.','2023-02-15 19:02:16','Rene Irrgang','172.45.0.1','Mozilla/5.0 (X11; Linux x86_64) AppleWebKit/537.36 (KHTML, like Gecko) Chrome/109.0.0.0 Safari/537.36'),(110,'add_supplier_order','Die Bestellung mit der Bestell-Nr. EBE-01-100003 wurde angelegt.','2023-02-15 19:03:10','Rene Irrgang','172.45.0.1','Mozilla/5.0 (X11; Linux x86_64) AppleWebKit/537.36 (KHTML, like Gecko) Chrome/109.0.0.0 Safari/537.36'),(111,'add_supplier_order','Die Bestellung mit der Bestell-Nr. EBE-01-100003 wurde angelegt.','2023-02-15 19:05:13','Rene Irrgang','172.45.0.1','Mozilla/5.0 (X11; Linux x86_64) AppleWebKit/537.36 (KHTML, like Gecko) Chrome/109.0.0.0 Safari/537.36'),(112,'add_supplier_order','Die Bestellung mit der Bestell-Nr. EBE-01-100003 wurde angelegt.','2023-02-15 19:06:25','Rene Irrgang','172.45.0.1','Mozilla/5.0 (X11; Linux x86_64) AppleWebKit/537.36 (KHTML, like Gecko) Chrome/109.0.0.0 Safari/537.36'),(113,'add_supplier_order','Die Bestellung mit der Bestell-Nr. EBE-01-100003 wurde angelegt.','2023-02-15 19:07:01','Rene Irrgang','172.45.0.1','Mozilla/5.0 (X11; Linux x86_64) AppleWebKit/537.36 (KHTML, like Gecko) Chrome/109.0.0.0 Safari/537.36'),(114,'add_supplier_order','Die Bestellung mit der Bestell-Nr. EBE-01-100003 wurde angelegt.','2023-02-15 19:08:03','Rene Irrgang','172.45.0.1','Mozilla/5.0 (X11; Linux x86_64) AppleWebKit/537.36 (KHTML, like Gecko) Chrome/109.0.0.0 Safari/537.36'),(115,'add_supplier_order','Die Bestellung mit der Bestell-Nr. EBE-01-100003 wurde angelegt.','2023-02-15 19:11:17','Rene Irrgang','172.45.0.1','Mozilla/5.0 (X11; Linux x86_64) AppleWebKit/537.36 (KHTML, like Gecko) Chrome/109.0.0.0 Safari/537.36'),(116,'add_supplier_order','Die Bestellung mit der Bestell-Nr. EBE-01-100003 wurde angelegt.','2023-02-15 19:13:55','Rene Irrgang','172.45.0.1','Mozilla/5.0 (X11; Linux x86_64) AppleWebKit/537.36 (KHTML, like Gecko) Chrome/109.0.0.0 Safari/537.36'),(117,'add_supplier_order','Die Bestellung mit der Bestell-Nr. EBE-01-100003 wurde angelegt.','2023-02-15 19:15:32','Rene Irrgang','172.45.0.1','Mozilla/5.0 (X11; Linux x86_64) AppleWebKit/537.36 (KHTML, like Gecko) Chrome/109.0.0.0 Safari/537.36'),(118,'add_supplier_order','Die Bestellung mit der Bestell-Nr. EBE-01-100003 wurde angelegt.','2023-02-16 05:22:20','Rene Irrgang','172.45.0.1','Mozilla/5.0 (X11; Linux x86_64) AppleWebKit/537.36 (KHTML, like Gecko) Chrome/109.0.0.0 Safari/537.36'),(119,'edit_article','Der Artikel mit der Artikel-Nr. 60004 wurde geändert.','2023-02-16 05:34:41','Rene Irrgang','172.45.0.1','Mozilla/5.0 (X11; Linux x86_64) AppleWebKit/537.36 (KHTML, like Gecko) Chrome/109.0.0.0 Safari/537.36'),(120,'add_supplier_order','Die Bestellung mit der Bestell-Nr. EBE-01-100003 wurde angelegt.','2023-02-16 05:38:59','Rene Irrgang','172.45.0.1','Mozilla/5.0 (X11; Linux x86_64) AppleWebKit/537.36 (KHTML, like Gecko) Chrome/109.0.0.0 Safari/537.36'),(121,'add_supplier_order','Die Bestellung mit der Bestell-Nr. EBE-01-100003 wurde angelegt.','2023-02-16 05:44:04','Rene Irrgang','172.45.0.1','Mozilla/5.0 (X11; Linux x86_64) AppleWebKit/537.36 (KHTML, like Gecko) Chrome/109.0.0.0 Safari/537.36'),(122,'add_supplier_order','Die Bestellung mit der Bestell-Nr. EBE-01-100003 wurde angelegt.','2023-02-16 05:44:30','Rene Irrgang','172.45.0.1','Mozilla/5.0 (X11; Linux x86_64) AppleWebKit/537.36 (KHTML, like Gecko) Chrome/109.0.0.0 Safari/537.36'),(123,'add_supplier_order','Die Bestellung mit der Bestell-Nr. EBE-01-100003 wurde angelegt.','2023-02-16 05:45:13','Rene Irrgang','172.45.0.1','Mozilla/5.0 (X11; Linux x86_64) AppleWebKit/537.36 (KHTML, like Gecko) Chrome/109.0.0.0 Safari/537.36'),(124,'add_supplier_order','Die Bestellung mit der Bestell-Nr. EBE-01-100003 wurde angelegt.','2023-02-16 06:08:21','Rene Irrgang','172.45.0.1','Mozilla/5.0 (X11; Linux x86_64) AppleWebKit/537.36 (KHTML, like Gecko) Chrome/109.0.0.0 Safari/537.36'),(125,'add_supplier_order','Die Bestellung mit der Bestell-Nr. EBE-01-100003 wurde angelegt.','2023-02-16 06:12:37','Rene Irrgang','172.45.0.1','Mozilla/5.0 (X11; Linux x86_64) AppleWebKit/537.36 (KHTML, like Gecko) Chrome/109.0.0.0 Safari/537.36'),(126,'add_supplier_order','Die Bestellung mit der Bestell-Nr. EBE-01-100003 wurde angelegt.','2023-02-16 06:26:28','Rene Irrgang','172.45.0.1','Mozilla/5.0 (X11; Linux x86_64) AppleWebKit/537.36 (KHTML, like Gecko) Chrome/109.0.0.0 Safari/537.36'),(127,'add_supplier_order','Die Bestellung mit der Bestell-Nr. EBE-01-100003 wurde angelegt.','2023-02-16 06:27:05','Rene Irrgang','172.45.0.1','Mozilla/5.0 (X11; Linux x86_64) AppleWebKit/537.36 (KHTML, like Gecko) Chrome/109.0.0.0 Safari/537.36'),(128,'add_supplier_order','Die Bestellung mit der Bestell-Nr. EBE-01-100003 wurde angelegt.','2023-02-16 06:27:38','Rene Irrgang','172.45.0.1','Mozilla/5.0 (X11; Linux x86_64) AppleWebKit/537.36 (KHTML, like Gecko) Chrome/109.0.0.0 Safari/537.36'),(129,'add_supplier_order','Die Bestellung mit der Bestell-Nr. EBE-01-100003 wurde angelegt.','2023-02-16 06:33:17','Rene Irrgang','172.45.0.1','Mozilla/5.0 (X11; Linux x86_64) AppleWebKit/537.36 (KHTML, like Gecko) Chrome/109.0.0.0 Safari/537.36'),(130,'add_supplier_order','Die Bestellung mit der Bestell-Nr. EBE-01-100003 wurde angelegt.','2023-02-16 06:41:37','Rene Irrgang','172.45.0.1','Mozilla/5.0 (X11; Linux x86_64) AppleWebKit/537.36 (KHTML, like Gecko) Chrome/109.0.0.0 Safari/537.36'),(131,'add_supplier_order','Die Bestellung mit der Bestell-Nr. EBE-01-100003 wurde angelegt.','2023-02-16 06:52:32','Rene Irrgang','172.45.0.1','Mozilla/5.0 (X11; Linux x86_64) AppleWebKit/537.36 (KHTML, like Gecko) Chrome/109.0.0.0 Safari/537.36'),(132,'add_supplier_order','Die Bestellung mit der Bestell-Nr. EBE-01-100003 wurde angelegt.','2023-02-16 06:55:11','Rene Irrgang','172.45.0.1','Mozilla/5.0 (X11; Linux x86_64) AppleWebKit/537.36 (KHTML, like Gecko) Chrome/109.0.0.0 Safari/537.36'),(133,'add_supplier_order','Die Bestellung mit der Bestell-Nr. EBE-01-100003 wurde angelegt.','2023-02-16 07:05:12','Rene Irrgang','172.45.0.1','Mozilla/5.0 (X11; Linux x86_64) AppleWebKit/537.36 (KHTML, like Gecko) Chrome/109.0.0.0 Safari/537.36'),(134,'add_supplier_order','Die Bestellung mit der Bestell-Nr. EBE-01-100003 wurde angelegt.','2023-02-16 07:05:52','Rene Irrgang','172.45.0.1','Mozilla/5.0 (X11; Linux x86_64) AppleWebKit/537.36 (KHTML, like Gecko) Chrome/109.0.0.0 Safari/537.36'),(135,'add_supplier_order','Die Bestellung mit der Bestell-Nr. EBE-01-100003 wurde angelegt.','2023-02-16 07:10:15','Rene Irrgang','172.45.0.1','Mozilla/5.0 (X11; Linux x86_64) AppleWebKit/537.36 (KHTML, like Gecko) Chrome/109.0.0.0 Safari/537.36'),(136,'add_supplier_order','Die Bestellung mit der Bestell-Nr. EBE-01-100003 wurde angelegt.','2023-02-16 07:11:53','Rene Irrgang','172.45.0.1','Mozilla/5.0 (X11; Linux x86_64) AppleWebKit/537.36 (KHTML, like Gecko) Chrome/109.0.0.0 Safari/537.36'),(137,'add_supplier_order','Die Bestellung mit der Bestell-Nr. EBE-01-100003 wurde angelegt.','2023-02-16 08:04:58','Rene Irrgang','172.45.0.1','Mozilla/5.0 (X11; Linux x86_64) AppleWebKit/537.36 (KHTML, like Gecko) Chrome/109.0.0.0 Safari/537.36'),(138,'add_supplier_order','Die Bestellung mit der Bestell-Nr. EBE-01-100003 wurde angelegt.','2023-02-16 08:10:44','Rene Irrgang','172.45.0.1','Mozilla/5.0 (X11; Linux x86_64) AppleWebKit/537.36 (KHTML, like Gecko) Chrome/109.0.0.0 Safari/537.36'),(139,'add_supplier_order','Die Bestellung mit der Bestell-Nr. EBE-01-100003 wurde angelegt.','2023-02-16 08:13:40','Rene Irrgang','172.45.0.1','Mozilla/5.0 (X11; Linux x86_64) AppleWebKit/537.36 (KHTML, like Gecko) Chrome/109.0.0.0 Safari/537.36'),(140,'add_supplier_order','Die Bestellung mit der Bestell-Nr. EBE-01-100003 wurde angelegt.','2023-02-16 08:15:06','Rene Irrgang','172.45.0.1','Mozilla/5.0 (X11; Linux x86_64) AppleWebKit/537.36 (KHTML, like Gecko) Chrome/109.0.0.0 Safari/537.36'),(141,'add_supplier_order','Die Bestellung mit der Bestell-Nr. EBE-01-100003 wurde angelegt.','2023-02-16 08:15:26','Rene Irrgang','172.45.0.1','Mozilla/5.0 (X11; Linux x86_64) AppleWebKit/537.36 (KHTML, like Gecko) Chrome/109.0.0.0 Safari/537.36'),(142,'add_supplier_order','Die Bestellung mit der Bestell-Nr. EBE-01-100003 wurde angelegt.','2023-02-16 08:15:53','Rene Irrgang','172.45.0.1','Mozilla/5.0 (X11; Linux x86_64) AppleWebKit/537.36 (KHTML, like Gecko) Chrome/109.0.0.0 Safari/537.36'),(143,'add_supplier_order','Die Bestellung mit der Bestell-Nr. EBE-01-100003 wurde angelegt.','2023-02-16 08:16:43','Rene Irrgang','172.45.0.1','Mozilla/5.0 (X11; Linux x86_64) AppleWebKit/537.36 (KHTML, like Gecko) Chrome/109.0.0.0 Safari/537.36'),(144,'add_supplier_order','Die Bestellung mit der Bestell-Nr. EBE-01-100003 wurde angelegt.','2023-02-16 08:17:43','Rene Irrgang','172.45.0.1','Mozilla/5.0 (X11; Linux x86_64) AppleWebKit/537.36 (KHTML, like Gecko) Chrome/109.0.0.0 Safari/537.36'),(145,'add_supplier_order','Die Bestellung mit der Bestell-Nr. EBE-01-100003 wurde angelegt.','2023-02-16 08:25:28','Rene Irrgang','172.45.0.1','Mozilla/5.0 (X11; Linux x86_64) AppleWebKit/537.36 (KHTML, like Gecko) Chrome/109.0.0.0 Safari/537.36'),(146,'add_supplier_order','Die Bestellung mit der Bestell-Nr. EBE-01-100003 wurde angelegt.','2023-02-16 08:27:54','Rene Irrgang','172.45.0.1','Mozilla/5.0 (X11; Linux x86_64) AppleWebKit/537.36 (KHTML, like Gecko) Chrome/109.0.0.0 Safari/537.36'),(147,'add_supplier_order','Die Bestellung mit der Bestell-Nr. EBE-01-100003 wurde angelegt.','2023-02-16 08:29:05','Rene Irrgang','172.45.0.1','Mozilla/5.0 (X11; Linux x86_64) AppleWebKit/537.36 (KHTML, like Gecko) Chrome/109.0.0.0 Safari/537.36'),(148,'add_supplier_order','Die Bestellung mit der Bestell-Nr. EBE-01-100003 wurde angelegt.','2023-02-16 08:29:29','Rene Irrgang','172.45.0.1','Mozilla/5.0 (X11; Linux x86_64) AppleWebKit/537.36 (KHTML, like Gecko) Chrome/109.0.0.0 Safari/537.36'),(149,'add_supplier_order','Die Bestellung mit der Bestell-Nr. EBE-01-100003 wurde angelegt.','2023-02-16 08:42:02','Rene Irrgang','172.45.0.1','Mozilla/5.0 (X11; Linux x86_64) AppleWebKit/537.36 (KHTML, like Gecko) Chrome/109.0.0.0 Safari/537.36'),(150,'add_supplier_order','Die Bestellung mit der Bestell-Nr. EBE-01-100003 wurde angelegt.','2023-02-16 08:43:15','Rene Irrgang','172.45.0.1','Mozilla/5.0 (X11; Linux x86_64) AppleWebKit/537.36 (KHTML, like Gecko) Chrome/109.0.0.0 Safari/537.36'),(151,'add_supplier_order','Die Bestellung mit der Bestell-Nr. EBE-01-100003 wurde angelegt.','2023-02-16 08:45:14','Rene Irrgang','172.45.0.1','Mozilla/5.0 (X11; Linux x86_64) AppleWebKit/537.36 (KHTML, like Gecko) Chrome/109.0.0.0 Safari/537.36'),(152,'add_supplier_order','Die Bestellung mit der Bestell-Nr. EBE-01-100003 wurde angelegt.','2023-02-16 10:44:15','Rene Irrgang','172.45.0.1','Mozilla/5.0 (X11; Linux x86_64) AppleWebKit/537.36 (KHTML, like Gecko) Chrome/109.0.0.0 Safari/537.36'),(153,'add_supplier_order','Die Bestellung mit der Bestell-Nr. EBE-01-100003 wurde angelegt.','2023-02-16 10:51:26','Rene Irrgang','172.45.0.1','Mozilla/5.0 (X11; Linux x86_64) AppleWebKit/537.36 (KHTML, like Gecko) Chrome/109.0.0.0 Safari/537.36'),(154,'add_supplier_order','Die Bestellung mit der Bestell-Nr. EBE-01-100003 wurde angelegt.','2023-02-16 10:57:44','Rene Irrgang','172.45.0.1','Mozilla/5.0 (X11; Linux x86_64) AppleWebKit/537.36 (KHTML, like Gecko) Chrome/109.0.0.0 Safari/537.36'),(155,'add_supplier_order','Die Bestellung mit der Bestell-Nr. EBE-01-100003 wurde angelegt.','2023-02-16 10:58:05','Rene Irrgang','172.45.0.1','Mozilla/5.0 (X11; Linux x86_64) AppleWebKit/537.36 (KHTML, like Gecko) Chrome/109.0.0.0 Safari/537.36'),(156,'add_supplier_order','Die Bestellung mit der Bestell-Nr. EBE-01-100003 wurde angelegt.','2023-02-16 10:58:28','Rene Irrgang','172.45.0.1','Mozilla/5.0 (X11; Linux x86_64) AppleWebKit/537.36 (KHTML, like Gecko) Chrome/109.0.0.0 Safari/537.36'),(157,'add_supplier_order','Die Bestellung mit der Bestell-Nr. EBE-01-100003 wurde angelegt.','2023-02-16 13:10:00','Rene Irrgang','172.45.0.1','Mozilla/5.0 (X11; Linux x86_64) AppleWebKit/537.36 (KHTML, like Gecko) Chrome/109.0.0.0 Safari/537.36'),(158,'add_supplier_order','Die Bestellung mit der Bestell-Nr. EBE-01-100003 wurde angelegt.','2023-02-16 13:26:00','Rene Irrgang','172.45.0.1','Mozilla/5.0 (X11; Linux x86_64) AppleWebKit/537.36 (KHTML, like Gecko) Chrome/109.0.0.0 Safari/537.36'),(159,'add_supplier_order','Die Bestellung mit der Bestell-Nr. EBE-01-100003 wurde angelegt.','2023-02-27 06:49:08','Rene Irrgang','172.45.0.1','Mozilla/5.0 (X11; Linux x86_64) AppleWebKit/537.36 (KHTML, like Gecko) Chrome/109.0.0.0 Safari/537.36'),(160,'add_supplier_order','Die Bestellung mit der Bestell-Nr. EBE-01-100003 wurde angelegt.','2023-02-27 14:02:11','Rene Irrgang','172.45.0.1','Mozilla/5.0 (X11; Linux x86_64) AppleWebKit/537.36 (KHTML, like Gecko) Chrome/109.0.0.0 Safari/537.36'),(161,'add_supplier_order','Die Bestellung mit der Bestell-Nr. EBE-01-100003 wurde angelegt.','2023-02-27 14:13:48','Rene Irrgang','172.45.0.1','Mozilla/5.0 (X11; Linux x86_64) AppleWebKit/537.36 (KHTML, like Gecko) Chrome/109.0.0.0 Safari/537.36'),(162,'add_supplier_order','Die Bestellung mit der Bestell-Nr. EBE-01-100003 wurde angelegt.','2023-02-27 14:16:05','Rene Irrgang','172.45.0.1','Mozilla/5.0 (X11; Linux x86_64) AppleWebKit/537.36 (KHTML, like Gecko) Chrome/109.0.0.0 Safari/537.36'),(163,'add_supplier_order','Die Bestellung mit der Bestell-Nr. EBE-01-100003 wurde angelegt.','2023-02-27 14:16:37','Rene Irrgang','172.45.0.1','Mozilla/5.0 (X11; Linux x86_64) AppleWebKit/537.36 (KHTML, like Gecko) Chrome/109.0.0.0 Safari/537.36'),(164,'add_supplier_order','Die Bestellung mit der Bestell-Nr. EBE-01-100003 wurde angelegt.','2023-02-27 14:17:06','Rene Irrgang','172.45.0.1','Mozilla/5.0 (X11; Linux x86_64) AppleWebKit/537.36 (KHTML, like Gecko) Chrome/109.0.0.0 Safari/537.36'),(165,'add_supplier_order','Die Bestellung mit der Bestell-Nr. EBE-01-100003 wurde angelegt.','2023-02-27 14:20:41','Rene Irrgang','172.45.0.1','Mozilla/5.0 (X11; Linux x86_64) AppleWebKit/537.36 (KHTML, like Gecko) Chrome/109.0.0.0 Safari/537.36'),(166,'add_supplier_order','Die Bestellung mit der Bestell-Nr. EBE-01-100003 wurde angelegt.','2023-02-27 14:21:01','Rene Irrgang','172.45.0.1','Mozilla/5.0 (X11; Linux x86_64) AppleWebKit/537.36 (KHTML, like Gecko) Chrome/109.0.0.0 Safari/537.36'),(167,'add_supplier_order','Die Bestellung mit der Bestell-Nr. EBE-01-100003 wurde angelegt.','2023-02-27 14:44:49','Rene Irrgang','172.45.0.1','Mozilla/5.0 (X11; Linux x86_64) AppleWebKit/537.36 (KHTML, like Gecko) Chrome/109.0.0.0 Safari/537.36'),(168,'add_supplier_order','Die Bestellung mit der Bestell-Nr. EBE-01-100003 wurde angelegt.','2023-02-27 16:05:07','Rene Irrgang','172.45.0.1','Mozilla/5.0 (X11; Linux x86_64) AppleWebKit/537.36 (KHTML, like Gecko) Chrome/109.0.0.0 Safari/537.36'),(169,'add_supplier_order','Die Bestellung mit der Bestell-Nr. EBE-01-100003 wurde angelegt.','2023-02-27 20:42:54','Rene Irrgang','172.45.0.1','Mozilla/5.0 (X11; Linux x86_64) AppleWebKit/537.36 (KHTML, like Gecko) Chrome/109.0.0.0 Safari/537.36'),(170,'add_supplier_order','Die Bestellung mit der Bestell-Nr. EBE-01-100003 wurde angelegt.','2023-02-27 20:43:26','Rene Irrgang','172.45.0.1','Mozilla/5.0 (X11; Linux x86_64) AppleWebKit/537.36 (KHTML, like Gecko) Chrome/109.0.0.0 Safari/537.36'),(171,'add_supplier_order','Die Bestellung mit der Bestell-Nr. EBE-01-100003 wurde angelegt.','2023-02-27 21:10:00','Rene Irrgang','172.45.0.1','Mozilla/5.0 (X11; Linux x86_64) AppleWebKit/537.36 (KHTML, like Gecko) Chrome/109.0.0.0 Safari/537.36'),(172,'add_supplier_order','Die Bestellung mit der Bestell-Nr. EBE-01-100003 wurde angelegt.','2023-02-27 21:22:16','Rene Irrgang','172.45.0.1','Mozilla/5.0 (X11; Linux x86_64) AppleWebKit/537.36 (KHTML, like Gecko) Chrome/109.0.0.0 Safari/537.36'),(173,'add_supplier_order','Die Bestellung mit der Bestell-Nr. EBE-01-100003 wurde angelegt.','2023-02-27 21:24:48','Rene Irrgang','172.45.0.1','Mozilla/5.0 (X11; Linux x86_64) AppleWebKit/537.36 (KHTML, like Gecko) Chrome/109.0.0.0 Safari/537.36'),(174,'add_supplier_order','Die Bestellung mit der Bestell-Nr. EBE-01-100003 wurde angelegt.','2023-02-27 21:27:59','Rene Irrgang','172.45.0.1','Mozilla/5.0 (X11; Linux x86_64) AppleWebKit/537.36 (KHTML, like Gecko) Chrome/109.0.0.0 Safari/537.36'),(175,'add_supplier','Der Lieferant mit der Lieferanten-Nr. 70002 wurde angelegt.','2023-02-27 21:29:24','Rene Irrgang','172.45.0.1','Mozilla/5.0 (X11; Linux x86_64) AppleWebKit/537.36 (KHTML, like Gecko) Chrome/109.0.0.0 Safari/537.36'),(176,'add_supplier_order','Die Bestellung mit der Bestell-Nr. EBE-01-100003 wurde angelegt.','2023-02-27 21:42:06','Rene Irrgang','172.45.0.1','Mozilla/5.0 (X11; Linux x86_64) AppleWebKit/537.36 (KHTML, like Gecko) Chrome/109.0.0.0 Safari/537.36'),(177,'add_supplier_order','Die Bestellung mit der Bestell-Nr. EBE-01-100003 wurde angelegt.','2023-02-27 21:42:57','Rene Irrgang','172.45.0.1','Mozilla/5.0 (X11; Linux x86_64) AppleWebKit/537.36 (KHTML, like Gecko) Chrome/109.0.0.0 Safari/537.36'),(178,'add_supplier_order','Die Bestellung mit der Bestell-Nr. EBE-01-100003 wurde angelegt.','2023-02-27 21:45:14','Rene Irrgang','172.45.0.1','Mozilla/5.0 (X11; Linux x86_64) AppleWebKit/537.36 (KHTML, like Gecko) Chrome/109.0.0.0 Safari/537.36'),(179,'add_supplier_order','Die Bestellung mit der Bestell-Nr. EBE-01-100003 wurde angelegt.','2023-02-27 22:02:20','Rene Irrgang','172.45.0.1','Mozilla/5.0 (X11; Linux x86_64) AppleWebKit/537.36 (KHTML, like Gecko) Chrome/109.0.0.0 Safari/537.36'),(180,'add_supplier_order','Die Bestellung mit der Bestell-Nr. EBE-01-100003 wurde angelegt.','2023-02-28 05:59:53','Rene Irrgang','172.45.0.1','Mozilla/5.0 (X11; Linux x86_64) AppleWebKit/537.36 (KHTML, like Gecko) Chrome/109.0.0.0 Safari/537.36'),(181,'add_supplier_order','Die Bestellung mit der Bestell-Nr. EBE-01-100003 wurde angelegt.','2023-02-28 06:06:37','Rene Irrgang','172.45.0.1','Mozilla/5.0 (X11; Linux x86_64) AppleWebKit/537.36 (KHTML, like Gecko) Chrome/109.0.0.0 Safari/537.36'),(182,'add_supplier_order','Die Bestellung mit der Bestell-Nr. EBE-01-100003 wurde angelegt.','2023-02-28 06:09:06','Rene Irrgang','172.45.0.1','Mozilla/5.0 (X11; Linux x86_64) AppleWebKit/537.36 (KHTML, like Gecko) Chrome/109.0.0.0 Safari/537.36'),(183,'add_supplier_order','Die Bestellung mit der Bestell-Nr. EBE-01-100003 wurde angelegt.','2023-02-28 06:09:53','Rene Irrgang','172.45.0.1','Mozilla/5.0 (X11; Linux x86_64) AppleWebKit/537.36 (KHTML, like Gecko) Chrome/109.0.0.0 Safari/537.36'),(184,'add_supplier_order','Die Bestellung mit der Bestell-Nr. EBE-01-100003 wurde angelegt.','2023-02-28 06:38:24','Rene Irrgang','172.45.0.1','Mozilla/5.0 (X11; Linux x86_64) AppleWebKit/537.36 (KHTML, like Gecko) Chrome/109.0.0.0 Safari/537.36'),(185,'edit_customer','Der Kunde mit der Kunden-Nr. 60000 wurde geändert.','2023-03-15 10:12:52','Rene Irrgang','172.45.0.1','Mozilla/5.0 (X11; Linux x86_64) AppleWebKit/537.36 (KHTML, like Gecko) Chrome/109.0.0.0 Safari/537.36'),(186,'add_stock_location','Der Lagerplatz für das Lager 131 wurde angelegt.','2023-03-16 10:34:58','Rene Irrgang','172.45.0.1','Mozilla/5.0 (X11; Linux x86_64) AppleWebKit/537.36 (KHTML, like Gecko) Chrome/109.0.0.0 Safari/537.36'),(187,'add_stock_location','Der Lagerplatz für das Lager 131 wurde angelegt.','2023-03-16 10:34:58','Rene Irrgang','172.45.0.1','Mozilla/5.0 (X11; Linux x86_64) AppleWebKit/537.36 (KHTML, like Gecko) Chrome/109.0.0.0 Safari/537.36'),(188,'add_stock_location','Der Lagerplatz für das Lager 131 wurde angelegt.','2023-03-16 10:38:12','Rene Irrgang','172.45.0.1','Mozilla/5.0 (X11; Linux x86_64) AppleWebKit/537.36 (KHTML, like Gecko) Chrome/109.0.0.0 Safari/537.36'),(189,'add_stock_location','Der Lagerplatz für das Lager 131 wurde angelegt.','2023-03-16 10:38:15','Rene Irrgang','172.45.0.1','Mozilla/5.0 (X11; Linux x86_64) AppleWebKit/537.36 (KHTML, like Gecko) Chrome/109.0.0.0 Safari/537.36'),(190,'add_stock_location','Der Lagerplatz für das Lager 131 wurde angelegt.','2023-03-16 10:39:37','Rene Irrgang','172.45.0.1','Mozilla/5.0 (X11; Linux x86_64) AppleWebKit/537.36 (KHTML, like Gecko) Chrome/109.0.0.0 Safari/537.36'),(191,'add_stock_location','Der Lagerplatz für das Lager 131 wurde angelegt.','2023-03-16 10:39:38','Rene Irrgang','172.45.0.1','Mozilla/5.0 (X11; Linux x86_64) AppleWebKit/537.36 (KHTML, like Gecko) Chrome/109.0.0.0 Safari/537.36'),(192,'add_stock_location','Der Lagerplatz für das Lager 131 wurde angelegt.','2023-03-16 10:40:54','Rene Irrgang','172.45.0.1','Mozilla/5.0 (X11; Linux x86_64) AppleWebKit/537.36 (KHTML, like Gecko) Chrome/109.0.0.0 Safari/537.36'),(193,'add_stock_location','Der Lagerplatz für das Lager 131 wurde angelegt.','2023-03-16 10:40:54','Rene Irrgang','172.45.0.1','Mozilla/5.0 (X11; Linux x86_64) AppleWebKit/537.36 (KHTML, like Gecko) Chrome/109.0.0.0 Safari/537.36'),(194,'add_stock_location','Der Lagerplatz für das Lager 131 wurde angelegt.','2023-03-16 10:41:22','Rene Irrgang','172.45.0.1','Mozilla/5.0 (X11; Linux x86_64) AppleWebKit/537.36 (KHTML, like Gecko) Chrome/109.0.0.0 Safari/537.36'),(195,'add_stock_location','Der Lagerplatz für das Lager 131 wurde angelegt.','2023-03-16 10:41:23','Rene Irrgang','172.45.0.1','Mozilla/5.0 (X11; Linux x86_64) AppleWebKit/537.36 (KHTML, like Gecko) Chrome/109.0.0.0 Safari/537.36'),(196,'add_stock_location','Der Lagerplatz für das Lager 131 wurde angelegt.','2023-03-16 10:41:41','Rene Irrgang','172.45.0.1','Mozilla/5.0 (X11; Linux x86_64) AppleWebKit/537.36 (KHTML, like Gecko) Chrome/109.0.0.0 Safari/537.36'),(197,'add_stock_location','Der Lagerplatz für das Lager 131 wurde angelegt.','2023-03-16 10:41:42','Rene Irrgang','172.45.0.1','Mozilla/5.0 (X11; Linux x86_64) AppleWebKit/537.36 (KHTML, like Gecko) Chrome/109.0.0.0 Safari/537.36'),(198,'add_stock_location','Der Lagerplatz für das Lager 131 wurde angelegt.','2023-03-16 10:43:25','Rene Irrgang','172.45.0.1','Mozilla/5.0 (X11; Linux x86_64) AppleWebKit/537.36 (KHTML, like Gecko) Chrome/109.0.0.0 Safari/537.36'),(199,'add_stock_location','Der Lagerplatz für das Lager 131 wurde angelegt.','2023-03-16 10:43:26','Rene Irrgang','172.45.0.1','Mozilla/5.0 (X11; Linux x86_64) AppleWebKit/537.36 (KHTML, like Gecko) Chrome/109.0.0.0 Safari/537.36'),(200,'add_stock_location','Der Lagerplatz für das Lager 131 wurde angelegt.','2023-03-16 10:48:42','Rene Irrgang','172.45.0.1','Mozilla/5.0 (X11; Linux x86_64) AppleWebKit/537.36 (KHTML, like Gecko) Chrome/109.0.0.0 Safari/537.36'),(201,'add_stock_location','Der Lagerplatz für das Lager 131 wurde angelegt.','2023-03-16 10:48:43','Rene Irrgang','172.45.0.1','Mozilla/5.0 (X11; Linux x86_64) AppleWebKit/537.36 (KHTML, like Gecko) Chrome/109.0.0.0 Safari/537.36'),(202,'add_stock_location','Die Lagerplätze für das Lager 131 wurden angelegt.','2023-03-16 10:51:09','Rene Irrgang','172.45.0.1','Mozilla/5.0 (X11; Linux x86_64) AppleWebKit/537.36 (KHTML, like Gecko) Chrome/109.0.0.0 Safari/537.36'),(203,'add_stock_location','Die Lagerplätze für das Lager 131 wurden angelegt.','2023-03-16 10:51:09','Rene Irrgang','172.45.0.1','Mozilla/5.0 (X11; Linux x86_64) AppleWebKit/537.36 (KHTML, like Gecko) Chrome/109.0.0.0 Safari/537.36'),(204,'add_stock_location','Die Lagerplätze für das Lager 131 wurden angelegt.','2023-03-16 11:04:14','Rene Irrgang','172.45.0.1','Mozilla/5.0 (X11; Linux x86_64) AppleWebKit/537.36 (KHTML, like Gecko) Chrome/109.0.0.0 Safari/537.36'),(205,'add_stock_location','Die Lagerplätze für das Lager 131 wurden angelegt.','2023-03-16 11:04:14','Rene Irrgang','172.45.0.1','Mozilla/5.0 (X11; Linux x86_64) AppleWebKit/537.36 (KHTML, like Gecko) Chrome/109.0.0.0 Safari/537.36'),(206,'add_stock_location','Die Lagerplätze für das Lager 131 wurden angelegt.','2023-03-16 11:05:57','Rene Irrgang','172.45.0.1','Mozilla/5.0 (X11; Linux x86_64) AppleWebKit/537.36 (KHTML, like Gecko) Chrome/109.0.0.0 Safari/537.36'),(207,'add_stock_location','Die Lagerplätze für das Lager 131 wurden angelegt.','2023-03-16 11:05:57','Rene Irrgang','172.45.0.1','Mozilla/5.0 (X11; Linux x86_64) AppleWebKit/537.36 (KHTML, like Gecko) Chrome/109.0.0.0 Safari/537.36'),(208,'add_stock_location','Die Lagerplätze für das Lager 131 wurden angelegt.','2023-03-16 11:12:20','Rene Irrgang','172.45.0.1','Mozilla/5.0 (X11; Linux x86_64) AppleWebKit/537.36 (KHTML, like Gecko) Chrome/109.0.0.0 Safari/537.36'),(209,'add_stock_location','Die Lagerplätze für das Lager 131 wurden angelegt.','2023-03-16 11:12:20','Rene Irrgang','172.45.0.1','Mozilla/5.0 (X11; Linux x86_64) AppleWebKit/537.36 (KHTML, like Gecko) Chrome/109.0.0.0 Safari/537.36'),(210,'add_stock_location','Die Lagerplätze für das Lager 131 wurden angelegt.','2023-03-16 11:13:25','Rene Irrgang','172.45.0.1','Mozilla/5.0 (X11; Linux x86_64) AppleWebKit/537.36 (KHTML, like Gecko) Chrome/109.0.0.0 Safari/537.36'),(211,'add_stock_location','Die Lagerplätze für das Lager 131 wurden angelegt.','2023-03-16 11:13:26','Rene Irrgang','172.45.0.1','Mozilla/5.0 (X11; Linux x86_64) AppleWebKit/537.36 (KHTML, like Gecko) Chrome/109.0.0.0 Safari/537.36'),(212,'add_stock_location','Die Lagerplätze für das Lager 131 wurden angelegt.','2023-03-16 11:13:52','Rene Irrgang','172.45.0.1','Mozilla/5.0 (X11; Linux x86_64) AppleWebKit/537.36 (KHTML, like Gecko) Chrome/109.0.0.0 Safari/537.36'),(213,'add_stock_location','Die Lagerplätze für das Lager 131 wurden angelegt.','2023-03-16 11:13:53','Rene Irrgang','172.45.0.1','Mozilla/5.0 (X11; Linux x86_64) AppleWebKit/537.36 (KHTML, like Gecko) Chrome/109.0.0.0 Safari/537.36'),(214,'add_stock_location','Die Lagerplätze für das Lager 131 wurden angelegt.','2023-03-16 11:14:40','Rene Irrgang','172.45.0.1','Mozilla/5.0 (X11; Linux x86_64) AppleWebKit/537.36 (KHTML, like Gecko) Chrome/109.0.0.0 Safari/537.36'),(215,'add_stock_location','Die Lagerplätze für das Lager 131 wurden angelegt.','2023-03-16 11:14:40','Rene Irrgang','172.45.0.1','Mozilla/5.0 (X11; Linux x86_64) AppleWebKit/537.36 (KHTML, like Gecko) Chrome/109.0.0.0 Safari/537.36'),(216,'add_stock_location','Die Lagerplätze für das Lager 131 wurden angelegt.','2023-03-16 11:14:41','Rene Irrgang','172.45.0.1','Mozilla/5.0 (X11; Linux x86_64) AppleWebKit/537.36 (KHTML, like Gecko) Chrome/109.0.0.0 Safari/537.36'),(217,'add_stock_location','Die Lagerplätze für das Lager 131 wurden angelegt.','2023-03-16 11:15:12','Rene Irrgang','172.45.0.1','Mozilla/5.0 (X11; Linux x86_64) AppleWebKit/537.36 (KHTML, like Gecko) Chrome/109.0.0.0 Safari/537.36'),(218,'add_stock_location','Die Lagerplätze für das Lager 131 wurden angelegt.','2023-03-16 11:15:12','Rene Irrgang','172.45.0.1','Mozilla/5.0 (X11; Linux x86_64) AppleWebKit/537.36 (KHTML, like Gecko) Chrome/109.0.0.0 Safari/537.36'),(219,'add_stock_location','Die Lagerplätze für das Lager 131 wurden angelegt.','2023-03-16 11:15:12','Rene Irrgang','172.45.0.1','Mozilla/5.0 (X11; Linux x86_64) AppleWebKit/537.36 (KHTML, like Gecko) Chrome/109.0.0.0 Safari/537.36'),(220,'add_stock_location','Die Lagerplätze für das Lager 131 wurden angelegt.','2023-03-16 11:15:25','Rene Irrgang','172.45.0.1','Mozilla/5.0 (X11; Linux x86_64) AppleWebKit/537.36 (KHTML, like Gecko) Chrome/109.0.0.0 Safari/537.36'),(221,'add_stock_location','Die Lagerplätze für das Lager 131 wurden angelegt.','2023-03-16 11:15:25','Rene Irrgang','172.45.0.1','Mozilla/5.0 (X11; Linux x86_64) AppleWebKit/537.36 (KHTML, like Gecko) Chrome/109.0.0.0 Safari/537.36'),(222,'add_stock_location','Die Lagerplätze für das Lager 131 wurden angelegt.','2023-03-16 11:15:25','Rene Irrgang','172.45.0.1','Mozilla/5.0 (X11; Linux x86_64) AppleWebKit/537.36 (KHTML, like Gecko) Chrome/109.0.0.0 Safari/537.36'),(223,'add_stock_location','Die Lagerplätze für das Lager 131 wurden angelegt.','2023-03-16 11:16:37','Rene Irrgang','172.45.0.1','Mozilla/5.0 (X11; Linux x86_64) AppleWebKit/537.36 (KHTML, like Gecko) Chrome/109.0.0.0 Safari/537.36'),(224,'add_stock_location','Die Lagerplätze für das Lager 131 wurden angelegt.','2023-03-16 11:16:37','Rene Irrgang','172.45.0.1','Mozilla/5.0 (X11; Linux x86_64) AppleWebKit/537.36 (KHTML, like Gecko) Chrome/109.0.0.0 Safari/537.36'),(225,'add_stock_location','Die Lagerplätze für das Lager 131 wurden angelegt.','2023-03-16 11:16:38','Rene Irrgang','172.45.0.1','Mozilla/5.0 (X11; Linux x86_64) AppleWebKit/537.36 (KHTML, like Gecko) Chrome/109.0.0.0 Safari/537.36'),(226,'add_stock_location','Die Lagerplätze für das Lager 131 wurden angelegt.','2023-03-16 11:17:06','Rene Irrgang','172.45.0.1','Mozilla/5.0 (X11; Linux x86_64) AppleWebKit/537.36 (KHTML, like Gecko) Chrome/109.0.0.0 Safari/537.36'),(227,'add_stock_location','Die Lagerplätze für das Lager 131 wurden angelegt.','2023-03-16 11:17:06','Rene Irrgang','172.45.0.1','Mozilla/5.0 (X11; Linux x86_64) AppleWebKit/537.36 (KHTML, like Gecko) Chrome/109.0.0.0 Safari/537.36'),(228,'add_stock_location','Die Lagerplätze für das Lager 131 wurden angelegt.','2023-03-16 11:17:06','Rene Irrgang','172.45.0.1','Mozilla/5.0 (X11; Linux x86_64) AppleWebKit/537.36 (KHTML, like Gecko) Chrome/109.0.0.0 Safari/537.36'),(229,'add_stock_location','Die Lagerplätze für das Lager 131 wurden angelegt.','2023-03-16 11:21:36','Rene Irrgang','172.45.0.1','Mozilla/5.0 (X11; Linux x86_64) AppleWebKit/537.36 (KHTML, like Gecko) Chrome/109.0.0.0 Safari/537.36'),(230,'add_stock_location','Die Lagerplätze für das Lager 131 wurden angelegt.','2023-03-16 11:21:37','Rene Irrgang','172.45.0.1','Mozilla/5.0 (X11; Linux x86_64) AppleWebKit/537.36 (KHTML, like Gecko) Chrome/109.0.0.0 Safari/537.36'),(231,'add_stock_location','Die Lagerplätze für das Lager 131 wurden angelegt.','2023-03-16 11:22:02','Rene Irrgang','172.45.0.1','Mozilla/5.0 (X11; Linux x86_64) AppleWebKit/537.36 (KHTML, like Gecko) Chrome/109.0.0.0 Safari/537.36'),(232,'add_stock_location','Die Lagerplätze für das Lager 131 wurden angelegt.','2023-03-16 11:22:02','Rene Irrgang','172.45.0.1','Mozilla/5.0 (X11; Linux x86_64) AppleWebKit/537.36 (KHTML, like Gecko) Chrome/109.0.0.0 Safari/537.36'),(233,'add_stock_location','Die Lagerplätze für das Lager 131 wurden angelegt.','2023-03-16 11:22:33','Rene Irrgang','172.45.0.1','Mozilla/5.0 (X11; Linux x86_64) AppleWebKit/537.36 (KHTML, like Gecko) Chrome/109.0.0.0 Safari/537.36'),(234,'add_stock_location','Die Lagerplätze für das Lager 131 wurden angelegt.','2023-03-16 11:22:33','Rene Irrgang','172.45.0.1','Mozilla/5.0 (X11; Linux x86_64) AppleWebKit/537.36 (KHTML, like Gecko) Chrome/109.0.0.0 Safari/537.36'),(235,'add_stock_location','Der Lagerplatz für das Lager 131 wurde angelegt.','2023-03-16 11:51:36','Rene Irrgang','172.45.0.1','Mozilla/5.0 (X11; Linux x86_64) AppleWebKit/537.36 (KHTML, like Gecko) Chrome/109.0.0.0 Safari/537.36'),(236,'delete_stock_location','Der Lagerplatz 131-4-25-1 wurde geändert.','2023-03-16 12:04:52','Rene Irrgang','172.45.0.1','Mozilla/5.0 (X11; Linux x86_64) AppleWebKit/537.36 (KHTML, like Gecko) Chrome/109.0.0.0 Safari/537.36'),(237,'add_stock_location','Der Lagerplatz für das Lager 131 wurde angelegt.','2023-03-16 12:05:45','Rene Irrgang','172.45.0.1','Mozilla/5.0 (X11; Linux x86_64) AppleWebKit/537.36 (KHTML, like Gecko) Chrome/109.0.0.0 Safari/537.36'),(238,'delete_stock_location','Der Lagerplatz 131-4-25-1 wurde geändert.','2023-03-16 12:05:58','Rene Irrgang','172.45.0.1','Mozilla/5.0 (X11; Linux x86_64) AppleWebKit/537.36 (KHTML, like Gecko) Chrome/109.0.0.0 Safari/537.36'),(239,'delete_article','Der Artikel mit der Artikel-Nr. 90002 wurde gelöscht.','2023-03-16 15:04:20','Rene Irrgang','172.45.0.1','Mozilla/5.0 (X11; Linux x86_64) AppleWebKit/537.36 (KHTML, like Gecko) Chrome/109.0.0.0 Safari/537.36'),(240,'add_article','Der Artikel mit der Artikel-Nr. 90002 wurde angelegt.','2023-03-16 15:04:51','Rene Irrgang','172.45.0.1','Mozilla/5.0 (X11; Linux x86_64) AppleWebKit/537.36 (KHTML, like Gecko) Chrome/109.0.0.0 Safari/537.36'),(241,'add_stock_location','Die Lagerplätze für das Lager 131 wurden angelegt.','2023-03-23 05:28:09','Rene Irrgang','172.45.0.1','Mozilla/5.0 (X11; Linux x86_64) AppleWebKit/537.36 (KHTML, like Gecko) Chrome/111.0.0.0 Safari/537.36'),(242,'add_stock_location','Die Lagerplätze für das Lager 131 wurden angelegt.','2023-03-23 05:28:18','Rene Irrgang','172.45.0.1','Mozilla/5.0 (X11; Linux x86_64) AppleWebKit/537.36 (KHTML, like Gecko) Chrome/111.0.0.0 Safari/537.36'),(243,'add_stock_location','Die Lagerplätze für das Lager 131 wurden angelegt.','2023-03-23 05:28:53','Rene Irrgang','172.45.0.1','Mozilla/5.0 (X11; Linux x86_64) AppleWebKit/537.36 (KHTML, like Gecko) Chrome/111.0.0.0 Safari/537.36'),(244,'add_stock_location','Die Lagerplätze für das Lager 131 wurden angelegt.','2023-03-23 05:29:30','Rene Irrgang','172.45.0.1','Mozilla/5.0 (X11; Linux x86_64) AppleWebKit/537.36 (KHTML, like Gecko) Chrome/111.0.0.0 Safari/537.36'),(245,'add_stock_location','Der Lagerplatz für das Lager 131 wurde angelegt.','2023-03-23 05:30:07','Rene Irrgang','172.45.0.1','Mozilla/5.0 (X11; Linux x86_64) AppleWebKit/537.36 (KHTML, like Gecko) Chrome/111.0.0.0 Safari/537.36'),(246,'add_stock_location','Der Lagerplatz für das Lager 131 wurde angelegt.','2023-03-23 05:30:49','Rene Irrgang','172.45.0.1','Mozilla/5.0 (X11; Linux x86_64) AppleWebKit/537.36 (KHTML, like Gecko) Chrome/111.0.0.0 Safari/537.36'),(247,'add_stock_location','Die Lagerplätze für das Lager 131 wurden angelegt.','2023-03-23 05:33:30','Rene Irrgang','172.45.0.1','Mozilla/5.0 (X11; Linux x86_64) AppleWebKit/537.36 (KHTML, like Gecko) Chrome/111.0.0.0 Safari/537.36'),(248,'add_stock_location','Die Lagerplätze für das Lager 131 wurden angelegt.','2023-03-23 05:51:00','Rene Irrgang','172.45.0.1','Mozilla/5.0 (X11; Linux x86_64) AppleWebKit/537.36 (KHTML, like Gecko) Chrome/111.0.0.0 Safari/537.36'),(249,'add_stock_location','Der Lagerplatz für das Lager 131 wurde angelegt.','2023-03-23 05:52:00','Rene Irrgang','172.45.0.1','Mozilla/5.0 (X11; Linux x86_64) AppleWebKit/537.36 (KHTML, like Gecko) Chrome/111.0.0.0 Safari/537.36'),(250,'add_stock_location','Der Lagerplatz für das Lager 131 wurde angelegt.','2023-03-23 06:02:52','Rene Irrgang','172.45.0.1','Mozilla/5.0 (X11; Linux x86_64) AppleWebKit/537.36 (KHTML, like Gecko) Chrome/111.0.0.0 Safari/537.36'),(251,'add_stock_location','Der Lagerplatz für das Lager 131 wurde angelegt.','2023-03-23 06:03:30','Rene Irrgang','172.45.0.1','Mozilla/5.0 (X11; Linux x86_64) AppleWebKit/537.36 (KHTML, like Gecko) Chrome/111.0.0.0 Safari/537.36'),(252,'add_stock_location','Der Lagerplatz für das Lager 131 wurde angelegt.','2023-03-23 06:04:00','Rene Irrgang','172.45.0.1','Mozilla/5.0 (X11; Linux x86_64) AppleWebKit/537.36 (KHTML, like Gecko) Chrome/111.0.0.0 Safari/537.36'),(253,'add_stock_location','Der Lagerplatz für das Lager 131 wurde angelegt.','2023-03-23 06:04:40','Rene Irrgang','172.45.0.1','Mozilla/5.0 (X11; Linux x86_64) AppleWebKit/537.36 (KHTML, like Gecko) Chrome/111.0.0.0 Safari/537.36'),(254,'add_stock_location','Der Lagerplatz für das Lager 131 wurde angelegt.','2023-03-23 06:05:06','Rene Irrgang','172.45.0.1','Mozilla/5.0 (X11; Linux x86_64) AppleWebKit/537.36 (KHTML, like Gecko) Chrome/111.0.0.0 Safari/537.36'),(255,'add_stock_location','Der Lagerplatz für das Lager 131 wurde angelegt.','2023-03-23 06:16:38','Rene Irrgang','172.45.0.1','Mozilla/5.0 (X11; Linux x86_64) AppleWebKit/537.36 (KHTML, like Gecko) Chrome/111.0.0.0 Safari/537.36'),(256,'add_stock_location','Der Lagerplatz für das Lager 131 wurde angelegt.','2023-03-23 06:17:20','Rene Irrgang','172.45.0.1','Mozilla/5.0 (X11; Linux x86_64) AppleWebKit/537.36 (KHTML, like Gecko) Chrome/111.0.0.0 Safari/537.36'),(257,'add_stock_location','Der Lagerplatz für das Lager 131 wurde angelegt.','2023-03-23 06:17:45','Rene Irrgang','172.45.0.1','Mozilla/5.0 (X11; Linux x86_64) AppleWebKit/537.36 (KHTML, like Gecko) Chrome/111.0.0.0 Safari/537.36'),(258,'add_stock_location','Die Lagerplätze für das Lager 131 wurden angelegt.','2023-03-23 06:17:56','Rene Irrgang','172.45.0.1','Mozilla/5.0 (X11; Linux x86_64) AppleWebKit/537.36 (KHTML, like Gecko) Chrome/111.0.0.0 Safari/537.36'),(259,'add_stock_location','Die Lagerplätze für das Lager 131 wurden angelegt.','2023-03-23 06:18:27','Rene Irrgang','172.45.0.1','Mozilla/5.0 (X11; Linux x86_64) AppleWebKit/537.36 (KHTML, like Gecko) Chrome/111.0.0.0 Safari/537.36'),(260,'add_stock_location','Die Lagerplätze für das Lager 131 wurden angelegt.','2023-03-23 06:18:39','Rene Irrgang','172.45.0.1','Mozilla/5.0 (X11; Linux x86_64) AppleWebKit/537.36 (KHTML, like Gecko) Chrome/111.0.0.0 Safari/537.36'),(261,'add_stock_location','Die Lagerplätze für das Lager 131 wurden angelegt.','2023-03-23 06:19:34','Rene Irrgang','172.45.0.1','Mozilla/5.0 (X11; Linux x86_64) AppleWebKit/537.36 (KHTML, like Gecko) Chrome/111.0.0.0 Safari/537.36'),(262,'add_stock_location','Die Lagerplätze für das Lager 131 wurden angelegt.','2023-03-23 06:20:03','Rene Irrgang','172.45.0.1','Mozilla/5.0 (X11; Linux x86_64) AppleWebKit/537.36 (KHTML, like Gecko) Chrome/111.0.0.0 Safari/537.36'),(263,'add_stock_location','Die Lagerplätze für das Lager 131 wurden angelegt.','2023-03-23 06:20:42','Rene Irrgang','172.45.0.1','Mozilla/5.0 (X11; Linux x86_64) AppleWebKit/537.36 (KHTML, like Gecko) Chrome/111.0.0.0 Safari/537.36'),(264,'add_stock_location','Die Lagerplätze für das Lager 131 wurden angelegt.','2023-03-23 06:21:41','Rene Irrgang','172.45.0.1','Mozilla/5.0 (X11; Linux x86_64) AppleWebKit/537.36 (KHTML, like Gecko) Chrome/111.0.0.0 Safari/537.36'),(265,'add_stock_location','Die Lagerplätze für das Lager 131 wurden angelegt.','2023-03-23 06:23:55','Rene Irrgang','172.45.0.1','Mozilla/5.0 (X11; Linux x86_64) AppleWebKit/537.36 (KHTML, like Gecko) Chrome/111.0.0.0 Safari/537.36'),(266,'add_stock_location','Der Lagerplatz für das Lager 131 wurde angelegt.','2023-03-23 06:24:07','Rene Irrgang','172.45.0.1','Mozilla/5.0 (X11; Linux x86_64) AppleWebKit/537.36 (KHTML, like Gecko) Chrome/111.0.0.0 Safari/537.36'),(267,'add_stock_location','Der Lagerplatz für das Lager 131 wurde angelegt.','2023-03-23 06:27:21','Rene Irrgang','172.45.0.1','Mozilla/5.0 (X11; Linux x86_64) AppleWebKit/537.36 (KHTML, like Gecko) Chrome/111.0.0.0 Safari/537.36'),(268,'add_stock_location','Der Lagerplatz für das Lager 131 wurde angelegt.','2023-03-23 06:32:44','Rene Irrgang','172.45.0.1','Mozilla/5.0 (X11; Linux x86_64) AppleWebKit/537.36 (KHTML, like Gecko) Chrome/111.0.0.0 Safari/537.36'),(269,'add_stock_location','Der Lagerplatz für das Lager 131 wurde angelegt.','2023-03-23 07:02:49','Rene Irrgang','172.45.0.1','Mozilla/5.0 (X11; Linux x86_64) AppleWebKit/537.36 (KHTML, like Gecko) Chrome/111.0.0.0 Safari/537.36'),(270,'add_stock_location','Der Lagerplatz für das Lager 131 wurde angelegt.','2023-03-23 07:03:54','Rene Irrgang','172.45.0.1','Mozilla/5.0 (X11; Linux x86_64) AppleWebKit/537.36 (KHTML, like Gecko) Chrome/111.0.0.0 Safari/537.36'),(271,'add_stock_location','Der Lagerplatz für das Lager 131 wurde angelegt.','2023-03-23 07:04:35','Rene Irrgang','172.45.0.1','Mozilla/5.0 (X11; Linux x86_64) AppleWebKit/537.36 (KHTML, like Gecko) Chrome/111.0.0.0 Safari/537.36'),(272,'add_stock_location','Der Lagerplatz für das Lager 131 wurde angelegt.','2023-03-23 07:05:46','Rene Irrgang','172.45.0.1','Mozilla/5.0 (X11; Linux x86_64) AppleWebKit/537.36 (KHTML, like Gecko) Chrome/111.0.0.0 Safari/537.36'),(273,'add_stock_location','Der Lagerplatz für das Lager 131 wurde angelegt.','2023-03-23 07:08:42','Rene Irrgang','172.45.0.1','Mozilla/5.0 (X11; Linux x86_64) AppleWebKit/537.36 (KHTML, like Gecko) Chrome/111.0.0.0 Safari/537.36'),(274,'add_stock_location','Der Lagerplatz für das Lager 131 wurde angelegt.','2023-03-23 07:10:13','Rene Irrgang','172.45.0.1','Mozilla/5.0 (X11; Linux x86_64) AppleWebKit/537.36 (KHTML, like Gecko) Chrome/111.0.0.0 Safari/537.36'),(275,'add_stock_location','Der Lagerplatz für das Lager 131 wurde angelegt.','2023-03-23 07:10:23','Rene Irrgang','172.45.0.1','Mozilla/5.0 (X11; Linux x86_64) AppleWebKit/537.36 (KHTML, like Gecko) Chrome/111.0.0.0 Safari/537.36'),(276,'add_stock_location','Der Lagerplatz für das Lager 131 wurde angelegt.','2023-03-23 07:10:58','Rene Irrgang','172.45.0.1','Mozilla/5.0 (X11; Linux x86_64) AppleWebKit/537.36 (KHTML, like Gecko) Chrome/111.0.0.0 Safari/537.36'),(277,'add_stock_location','Der Lagerplatz für das Lager 131 wurde angelegt.','2023-03-23 07:11:22','Rene Irrgang','172.45.0.1','Mozilla/5.0 (X11; Linux x86_64) AppleWebKit/537.36 (KHTML, like Gecko) Chrome/111.0.0.0 Safari/537.36'),(278,'add_stock_location','Der Lagerplatz für das Lager 131 wurde angelegt.','2023-03-23 07:12:35','Rene Irrgang','172.45.0.1','Mozilla/5.0 (X11; Linux x86_64) AppleWebKit/537.36 (KHTML, like Gecko) Chrome/111.0.0.0 Safari/537.36'),(279,'add_stock_location','Der Lagerplatz für das Lager 131 wurde angelegt.','2023-03-23 07:26:03','Rene Irrgang','172.45.0.1','Mozilla/5.0 (X11; Linux x86_64) AppleWebKit/537.36 (KHTML, like Gecko) Chrome/111.0.0.0 Safari/537.36'),(280,'add_stock_location','Die Lagerplätze für das Lager 131 wurden angelegt.','2023-03-23 07:28:14','Rene Irrgang','172.45.0.1','Mozilla/5.0 (X11; Linux x86_64) AppleWebKit/537.36 (KHTML, like Gecko) Chrome/111.0.0.0 Safari/537.36'),(281,'delete_stock_location','Der Lagerplatz 131-4-25-1 wurde geändert.','2023-03-23 07:28:44','Rene Irrgang','172.45.0.1','Mozilla/5.0 (X11; Linux x86_64) AppleWebKit/537.36 (KHTML, like Gecko) Chrome/111.0.0.0 Safari/537.36'),(282,'add_stock_location','Der Lagerplatz für das Lager 131 wurde angelegt.','2023-03-23 07:29:33','Rene Irrgang','172.45.0.1','Mozilla/5.0 (X11; Linux x86_64) AppleWebKit/537.36 (KHTML, like Gecko) Chrome/111.0.0.0 Safari/537.36'),(283,'add_stock_location','Die Lagerplätze für das Lager 131 wurden angelegt.','2023-03-23 07:29:55','Rene Irrgang','172.45.0.1','Mozilla/5.0 (X11; Linux x86_64) AppleWebKit/537.36 (KHTML, like Gecko) Chrome/111.0.0.0 Safari/537.36'),(284,'add_stock_location','Die Lagerplätze für das Lager 131 wurden angelegt.','2023-03-23 07:31:17','Rene Irrgang','172.45.0.1','Mozilla/5.0 (X11; Linux x86_64) AppleWebKit/537.36 (KHTML, like Gecko) Chrome/111.0.0.0 Safari/537.36'),(285,'add_stock_location','Die Lagerplätze für das Lager 131 wurden angelegt.','2023-03-23 07:33:01','Rene Irrgang','172.45.0.1','Mozilla/5.0 (X11; Linux x86_64) AppleWebKit/537.36 (KHTML, like Gecko) Chrome/111.0.0.0 Safari/537.36'),(286,'add_stock_location','Die Lagerplätze für das Lager 131 wurden angelegt.','2023-03-23 07:33:35','Rene Irrgang','172.45.0.1','Mozilla/5.0 (X11; Linux x86_64) AppleWebKit/537.36 (KHTML, like Gecko) Chrome/111.0.0.0 Safari/537.36'),(287,'add_stock_location','Die Lagerplätze für das Lager 131 wurden angelegt.','2023-03-23 07:34:24','Rene Irrgang','172.45.0.1','Mozilla/5.0 (X11; Linux x86_64) AppleWebKit/537.36 (KHTML, like Gecko) Chrome/111.0.0.0 Safari/537.36'),(288,'add_stock_location','Die Lagerplätze für das Lager 131 wurden angelegt.','2023-03-23 07:36:01','Rene Irrgang','172.45.0.1','Mozilla/5.0 (X11; Linux x86_64) AppleWebKit/537.36 (KHTML, like Gecko) Chrome/111.0.0.0 Safari/537.36'),(289,'add_stock_location','Die Lagerplätze für das Lager 131 wurden angelegt.','2023-03-23 07:38:13','Rene Irrgang','172.45.0.1','Mozilla/5.0 (X11; Linux x86_64) AppleWebKit/537.36 (KHTML, like Gecko) Chrome/111.0.0.0 Safari/537.36'),(290,'add_stock_location','Die Lagerplätze für das Lager 131 wurden angelegt.','2023-03-23 07:39:06','Rene Irrgang','172.45.0.1','Mozilla/5.0 (X11; Linux x86_64) AppleWebKit/537.36 (KHTML, like Gecko) Chrome/111.0.0.0 Safari/537.36'),(291,'add_stock_location','Die Lagerplätze für das Lager 131 wurden angelegt.','2023-03-23 07:39:53','Rene Irrgang','172.45.0.1','Mozilla/5.0 (X11; Linux x86_64) AppleWebKit/537.36 (KHTML, like Gecko) Chrome/111.0.0.0 Safari/537.36'),(292,'add_stock_location','Die Lagerplätze für das Lager 131 wurden angelegt.','2023-03-23 07:40:35','Rene Irrgang','172.45.0.1','Mozilla/5.0 (X11; Linux x86_64) AppleWebKit/537.36 (KHTML, like Gecko) Chrome/111.0.0.0 Safari/537.36'),(293,'add_stock_location','Die Lagerplätze für das Lager 131 wurden angelegt.','2023-03-23 07:41:18','Rene Irrgang','172.45.0.1','Mozilla/5.0 (X11; Linux x86_64) AppleWebKit/537.36 (KHTML, like Gecko) Chrome/111.0.0.0 Safari/537.36'),(294,'add_stock_location','Die Lagerplätze für das Lager 131 wurden angelegt.','2023-03-23 07:42:05','Rene Irrgang','172.45.0.1','Mozilla/5.0 (X11; Linux x86_64) AppleWebKit/537.36 (KHTML, like Gecko) Chrome/111.0.0.0 Safari/537.36'),(295,'add_customer','Der Kunde mit der Kunden-Nr. 60024 wurde angelegt.','2023-03-23 21:51:09','Rene Irrgang','172.45.0.1','Mozilla/5.0 (X11; Linux x86_64) AppleWebKit/537.36 (KHTML, like Gecko) Chrome/111.0.0.0 Safari/537.36'),(296,'delete_customer','Der Kunde mit der Kunden-Nr. 60024 wurde gelöscht.','2023-03-23 21:51:30','Rene Irrgang','172.45.0.1','Mozilla/5.0 (X11; Linux x86_64) AppleWebKit/537.36 (KHTML, like Gecko) Chrome/111.0.0.0 Safari/537.36'),(297,'delete_customer','Der Kunde mit der Kunden-Nr. 60023 wurde gelöscht.','2023-03-23 21:51:41','Rene Irrgang','172.45.0.1','Mozilla/5.0 (X11; Linux x86_64) AppleWebKit/537.36 (KHTML, like Gecko) Chrome/111.0.0.0 Safari/537.36'),(298,'delete_customer','Der Kunde mit der Kunden-Nr. 60022 wurde gelöscht.','2023-03-23 21:51:58','Rene Irrgang','172.45.0.1','Mozilla/5.0 (X11; Linux x86_64) AppleWebKit/537.36 (KHTML, like Gecko) Chrome/111.0.0.0 Safari/537.36'),(299,'add_customer','Der Kunde mit der Kunden-Nr. 60022 wurde angelegt.','2023-03-23 22:07:21','Rene Irrgang','172.45.0.1','Mozilla/5.0 (X11; Linux x86_64) AppleWebKit/537.36 (KHTML, like Gecko) Chrome/111.0.0.0 Safari/537.36'),(300,'add_customer','Der Kunde mit der Kunden-Nr. 60022 wurde angelegt.','2023-03-23 22:08:08','Rene Irrgang','172.45.0.1','Mozilla/5.0 (X11; Linux x86_64) AppleWebKit/537.36 (KHTML, like Gecko) Chrome/111.0.0.0 Safari/537.36'),(301,'delete_customer','Der Kunde mit der Kunden-Nr. 60022 wurde gelöscht.','2023-03-23 22:08:38','Rene Irrgang','172.45.0.1','Mozilla/5.0 (X11; Linux x86_64) AppleWebKit/537.36 (KHTML, like Gecko) Chrome/111.0.0.0 Safari/537.36'),(302,'delete_customer','Der Kunde mit der Kunden-Nr. 60022 wurde gelöscht.','2023-03-23 22:08:49','Rene Irrgang','172.45.0.1','Mozilla/5.0 (X11; Linux x86_64) AppleWebKit/537.36 (KHTML, like Gecko) Chrome/111.0.0.0 Safari/537.36'),(303,'add_customer','Der Kunde mit der Kunden-Nr. 60022 wurde angelegt.','2023-03-23 22:20:22','Rene Irrgang','172.45.0.1','Mozilla/5.0 (X11; Linux x86_64) AppleWebKit/537.36 (KHTML, like Gecko) Chrome/111.0.0.0 Safari/537.36'),(304,'edit_article','Der Artikel mit der Artikel-Nr. 90002 wurde geändert.','2023-03-24 05:45:44','Rene Irrgang','172.45.0.1','Mozilla/5.0 (X11; Linux x86_64) AppleWebKit/537.36 (KHTML, like Gecko) Chrome/111.0.0.0 Safari/537.36'),(305,'add_article','Der Artikel mit der Artikel-Nr. 90003 wurde angelegt.','2023-03-29 18:14:13','Rene Irrgang','172.45.0.1','Mozilla/5.0 (X11; Linux x86_64) AppleWebKit/537.36 (KHTML, like Gecko) Chrome/111.0.0.0 Safari/537.36'),(306,'edit_customer','Der Kunde mit der Kunden-Nr. 60000 wurde geändert.','2023-03-29 22:40:18','Rene Irrgang','172.45.0.1','Mozilla/5.0 (X11; Linux x86_64) AppleWebKit/537.36 (KHTML, like Gecko) Chrome/111.0.0.0 Safari/537.36'),(307,'edit_customer','Der Kunde mit der Kunden-Nr. 60000 wurde geändert.','2023-03-29 22:41:29','Rene Irrgang','172.45.0.1','Mozilla/5.0 (X11; Linux x86_64) AppleWebKit/537.36 (KHTML, like Gecko) Chrome/111.0.0.0 Safari/537.36'),(308,'add_stock_location','Die Lagerplätze für das Lager 147 wurden angelegt.','2023-03-31 13:30:30','Rene Irrgang','172.45.0.1','Mozilla/5.0 (X11; Linux x86_64) AppleWebKit/537.36 (KHTML, like Gecko) Chrome/111.0.0.0 Safari/537.36'),(309,'edit_article','Der Artikel mit der Artikel-Nr. 90002 wurde geändert.','2023-04-05 12:45:54','Rene Irrgang','172.45.0.1','Mozilla/5.0 (X11; Linux x86_64) AppleWebKit/537.36 (KHTML, like Gecko) Chrome/111.0.0.0 Safari/537.36'),(310,'delete_article','Der Artikel mit der Artikel-Nr. 90002 wurde gelöscht.','2023-04-05 12:46:03','Rene Irrgang','172.45.0.1','Mozilla/5.0 (X11; Linux x86_64) AppleWebKit/537.36 (KHTML, like Gecko) Chrome/111.0.0.0 Safari/537.36'),(311,'add_article','Der Artikel mit der Artikel-Nr. 90002 wurde angelegt.','2023-04-05 12:46:50','Rene Irrgang','172.45.0.1','Mozilla/5.0 (X11; Linux x86_64) AppleWebKit/537.36 (KHTML, like Gecko) Chrome/111.0.0.0 Safari/537.36');
/*!40000 ALTER TABLE `logging` ENABLE KEYS */;
UNLOCK TABLES;

--
-- Table structure for table `roles`
--

DROP TABLE IF EXISTS `roles`;
/*!40101 SET @saved_cs_client     = @@character_set_client */;
/*!40101 SET character_set_client = utf8 */;
CREATE TABLE `roles` (
  `id` int(11) NOT NULL AUTO_INCREMENT,
  `name` varchar(30) COLLATE utf8mb4_unicode_ci NOT NULL,
  `role` varchar(50) COLLATE utf8mb4_unicode_ci NOT NULL,
  `description` varchar(255) COLLATE utf8mb4_unicode_ci DEFAULT NULL,
  `created_at` datetime DEFAULT NULL,
  `updated_at` datetime DEFAULT NULL,
  PRIMARY KEY (`id`),
  UNIQUE KEY `UNIQ_B63E2EC757698A6A` (`role`)
) ENGINE=InnoDB AUTO_INCREMENT=15 DEFAULT CHARSET=utf8mb4 COLLATE=utf8mb4_unicode_ci;
/*!40101 SET character_set_client = @saved_cs_client */;

--
-- Dumping data for table `roles`
--

LOCK TABLES `roles` WRITE;
/*!40000 ALTER TABLE `roles` DISABLE KEYS */;
INSERT INTO `roles` VALUES (1,'Superadministrator','ROLE_SUPER_ADMIN',NULL,NULL,NULL),(2,'Administrator','ROLE_ADMIN',NULL,NULL,NULL),(3,'Leitung Logistik','ROLE_LOGISTICS_MANAGER',NULL,NULL,NULL),(4,'Leitung Lager','ROLE_WAREHOUSE_MANAGER',NULL,NULL,NULL),(5,'Teamleiter Wareneingang','ROLE_TEAMLEAD_STOCK_IN',NULL,NULL,NULL),(6,'Teamleiter Nachschub','ROLE_TEAMLEAD_REPLENISHMENT',NULL,NULL,NULL),(7,'Teamleiter Warenausgang','ROLE_TEAMLEAD_STOCK_OUT',NULL,NULL,NULL),(8,'Teamleiter Kommissionierung','ROLE_TEAMLEAD_ORDER_PICKING',NULL,NULL,NULL),(9,'Teamleiter Versand','ROLE_TEAMLEAD_SHIPPING',NULL,NULL,NULL),(10,'Mitarbeiter Wareneingang','ROLE_EMPLOYEE_STOCK_IN',NULL,NULL,NULL),(11,'Mitarbeiter Nachschub','ROLE_EMPLOYE_REPLENISHMENT',NULL,NULL,NULL),(12,'Mitarbeiter Warenausgang','ROLE_EMPLOYE_STOCK_OUT',NULL,NULL,NULL),(13,'Mitarbeiter Kommissionierung','ROLE_EMPLOYE_ORDER_PICKING',NULL,NULL,NULL),(14,'Mitarbeiter Versand','ROLE_EMPLOYE_SHIPPING',NULL,NULL,NULL);
/*!40000 ALTER TABLE `roles` ENABLE KEYS */;
UNLOCK TABLES;

--
-- Table structure for table `stock_layout`
--

DROP TABLE IF EXISTS `stock_layout`;
/*!40101 SET @saved_cs_client     = @@character_set_client */;
/*!40101 SET character_set_client = utf8 */;
CREATE TABLE `stock_layout` (
  `id` int(11) NOT NULL AUTO_INCREMENT,
  `stock_nr` int(11) NOT NULL,
  `stock_description` varchar(25) COLLATE utf8mb4_unicode_ci NOT NULL,
  `stock_level1` int(11) NOT NULL,
  `stock_level2` int(11) NOT NULL,
  `stock_level3` int(11) NOT NULL,
  `stock_level4` int(11) NOT NULL,
  `stock_model` varchar(15) COLLATE utf8mb4_unicode_ci NOT NULL,
  `stock_typ` varchar(15) COLLATE utf8mb4_unicode_ci NOT NULL,
  `stock_long_description` varchar(255) COLLATE utf8mb4_unicode_ci DEFAULT NULL,
  `created_at` datetime DEFAULT NULL,
  `updated_at` datetime DEFAULT NULL,
  PRIMARY KEY (`id`)
) ENGINE=InnoDB AUTO_INCREMENT=56 DEFAULT CHARSET=utf8mb4 COLLATE=utf8mb4_unicode_ci;
/*!40101 SET character_set_client = @saved_cs_client */;

--
-- Dumping data for table `stock_layout`
--

LOCK TABLES `stock_layout` WRITE;
/*!40000 ALTER TABLE `stock_layout` DISABLE KEYS */;
INSERT INTO `stock_layout` VALUES (1,101,'Block',1,9,32,1,'L2','BLL','Block','2019-03-01 00:00:00',NULL),(2,104,'Block',1,15,52,1,'L2','BLL','Block','2019-03-01 00:00:00',NULL),(3,105,'Block',1,11,52,1,'L2','BLL','Block','2019-03-01 00:00:00',NULL),(4,106,'Block',1,3,52,1,'L2','BLL','Block','2019-03-01 00:00:00',NULL),(5,107,'Block',1,9,40,1,'L2','BLL','Block','2019-03-01 00:00:00',NULL),(6,108,'Block',1,11,40,1,'L2','BLL','Block','2019-03-01 00:00:00',NULL),(7,109,'Block',1,3,40,1,'L2','BLL','Block','2019-03-01 00:00:00',NULL),(8,120,'Pal Regal',2,24,1,1,'L2','HRL','Pal Regal','2019-03-01 00:00:00',NULL),(9,131,'Pal Regal',4,15,1,1,'L2','HRL','Pal Regal','2019-03-01 00:00:00',NULL),(10,132,'Pal Regal',4,12,1,1,'L2','HRL','Pal Regal','2019-03-01 00:00:00',NULL),(11,133,'Pal Regal',4,12,1,1,'L2','HRL','Pal Regal','2019-03-01 00:00:00',NULL),(12,134,'Pal Regal',4,12,1,1,'L2','HRL','Pal Regal','2019-03-01 00:00:00',NULL),(13,135,'Pal Regal',4,12,1,1,'L2','HRL','Pal Regal','2019-03-01 00:00:00',NULL),(14,136,'Pal Regal',4,12,1,1,'L2','HRL','Pal Regal','2019-03-01 00:00:00',NULL),(15,137,'Pal Regal',4,12,1,1,'L2','HRL','Pal Regal','2019-03-01 00:00:00',NULL),(16,141,'Pal Regal',4,33,1,1,'L2','HRL','Pal Regal','2019-03-01 00:00:00',NULL),(17,142,'Pal Regal',4,30,1,1,'L2','HRL','Pal Regal','2019-03-01 00:00:00',NULL),(18,143,'Pal Regal',4,30,1,1,'L2','HRL','Pal Regal','2019-03-01 00:00:00',NULL),(19,144,'Pal Regal',4,30,1,1,'L2','HRL','Pal Regal','2019-03-01 00:00:00',NULL),(20,145,'Pal Regal',4,30,1,1,'L2','HRL','Pal Regal','2019-03-01 00:00:00',NULL),(21,146,'Pal Regal',4,30,1,1,'L2','HRL','Pal Regal','2019-03-01 00:00:00',NULL),(22,147,'Pal Regal',4,30,1,1,'L2','HRL','Pal Regal','2019-03-01 00:00:00',NULL),(23,156,'Durchlaufregal',4,9,60,1,'L2','RGL','Durchlaufregal','2019-03-01 00:00:00',NULL),(24,157,'Durchlaufregal',4,9,60,1,'L2','RGL','Durchlaufregal','2019-03-01 00:00:00',NULL),(25,158,'Durchlaufregal',4,9,60,1,'L2','RGL','Durchlaufregal','2019-03-01 00:00:00',NULL),(26,159,'Durchlaufregal',4,9,60,1,'L2','LV','Durchlaufregal','2019-03-01 00:00:00',NULL),(27,160,'Konfektion',1,1,1,1,'L1','UBZ','Konfektionierung','2019-03-01 00:00:00',NULL),(28,163,'KOMMI',1,1,1,1,'L1','KML','Kommisionierung ganze LE','2019-03-01 00:00:00',NULL),(29,165,'WA-KEP',1,1,1,1,'L1','WAZ','Warenausgang KEP','2019-03-01 00:00:00',NULL),(30,170,'WA-SPED',1,1,1,1,'L1','WAZ','Warenausgang Stückgut','2019-03-01 00:00:00',NULL),(31,202,'Block',1,5,24,1,'L2','BLL','Block','2019-03-01 00:00:00',NULL),(32,203,'Block',1,4,40,1,'L2','BLL','Block','2019-03-01 00:00:00',NULL),(33,204,'Block',1,4,24,1,'L2','BLL','Block','2019-03-01 00:00:00',NULL),(34,205,'Block',1,4,40,1,'L2','BLL','Block','2019-03-01 00:00:00',NULL),(35,206,'Block',1,11,24,1,'L2','BLL','Block','2019-03-01 00:00:00',NULL),(36,207,'Block',1,6,24,1,'L2','BLL','Block','2019-03-01 00:00:00',NULL),(37,301,'Block',1,5,8,1,'L2','BLL','Block','2019-03-01 00:00:00',NULL),(38,305,'Block',1,19,40,1,'L2','BLL','Block','2019-03-01 00:00:00',NULL),(39,307,'Block',1,5,40,1,'L2','BLL','Block','2019-03-01 00:00:00',NULL),(40,308,'Block',1,7,40,1,'L2','BLL','Block','2019-03-01 00:00:00',NULL),(41,309,'Block',1,5,40,1,'L2','BLL','Block','2019-03-01 00:00:00',NULL),(42,310,'Block',1,6,8,1,'L2','BLL','Block','2019-03-01 00:00:00',NULL),(43,311,'Block',1,4,8,1,'L2','BLL','Block','2019-03-01 00:00:00',NULL),(44,312,'Block',1,5,40,1,'L2','BLL','Block','2019-03-01 00:00:00',NULL),(45,313,'Block',1,7,40,1,'L2','BLL','Block','2019-03-01 00:00:00',NULL),(46,314,'Block',1,5,40,1,'L2','BLL','Block','2019-03-01 00:00:00',NULL),(47,316,'Block',1,7,8,1,'L2','BLL','Block','2019-03-01 00:00:00',NULL),(48,317,'Block',1,5,36,1,'L2','BLL','Block','2019-03-01 00:00:00',NULL),(49,318,'Block',1,7,36,1,'L2','BLL','Block','2019-03-01 00:00:00',NULL),(50,319,'Block',1,5,36,1,'L2','BLL','Block','2019-03-01 00:00:00',NULL),(51,320,'Block',1,6,8,1,'L2','BLL','Block','2019-03-01 00:00:00',NULL),(52,322,'Block',1,5,36,1,'L2','BLL','Block','2019-03-01 00:00:00',NULL),(53,323,'Block',1,7,36,1,'L2','BLL','Block','2019-03-01 00:00:00',NULL),(54,324,'Block',1,5,36,1,'L2','BLL','Block','2019-03-01 00:00:00',NULL),(55,325,'Block',1,21,36,1,'L2','BLL','Block','2019-03-01 00:00:00',NULL);
/*!40000 ALTER TABLE `stock_layout` ENABLE KEYS */;
UNLOCK TABLES;

--
-- Table structure for table `stock_location`
--

DROP TABLE IF EXISTS `stock_location`;
/*!40101 SET @saved_cs_client     = @@character_set_client */;
/*!40101 SET character_set_client = utf8 */;
CREATE TABLE `stock_location` (
  `stock_location_id` int(11) NOT NULL AUTO_INCREMENT,
  `stock_location_ln` int(11) NOT NULL,
  `stock_location_fb` int(11) NOT NULL,
  `stock_location_sp` int(11) NOT NULL,
  `stock_location_tf` int(11) NOT NULL,
  `stock_location_coordinate` varchar(25) COLLATE utf8mb4_unicode_ci NOT NULL,
  `stock_location_desc` varchar(255) COLLATE utf8mb4_unicode_ci NOT NULL,
  `stock_location_width` decimal(6,2) NOT NULL,
  `stock_location_depth` decimal(6,2) NOT NULL,
  `stock_location_height` decimal(6,2) NOT NULL,
  `stock_location_zone` varchar(10) COLLATE utf8mb4_unicode_ci NOT NULL,
  `created_at` datetime DEFAULT NULL,
  `updated_at` datetime DEFAULT NULL,
  PRIMARY KEY (`stock_location_id`)
) ENGINE=InnoDB AUTO_INCREMENT=929 DEFAULT CHARSET=utf8mb4 COLLATE=utf8mb4_unicode_ci;
/*!40101 SET character_set_client = @saved_cs_client */;

--
-- Dumping data for table `stock_location`
--

LOCK TABLES `stock_location` WRITE;
/*!40000 ALTER TABLE `stock_location` DISABLE KEYS */;
INSERT INTO `stock_location` VALUES (1,101,1,1,1,'101000100010001','Block-Lager',800.00,1200.00,2000.00,'BLOCK','2019-03-01 00:00:00',NULL),(2,101,1,1,2,'101000100010002','Block-Lager',800.00,1200.00,2000.00,'BLOCK','2019-03-01 00:00:00',NULL),(3,101,1,1,3,'101000100010003','Block-Lager',800.00,1200.00,2000.00,'BLOCK','2019-03-01 00:00:00',NULL),(4,101,1,1,4,'101000100010004','Block-Lager',800.00,1200.00,2000.00,'BLOCK','2019-03-01 00:00:00',NULL),(5,101,1,1,5,'101000100010005','Block-Lager',800.00,1200.00,2000.00,'BLOCK','2019-03-01 00:00:00',NULL),(6,101,1,1,6,'101000100010006','Block-Lager',800.00,1200.00,2000.00,'BLOCK','2019-03-01 00:00:00',NULL),(7,101,1,1,7,'101000100010007','Block-Lager',800.00,1200.00,2000.00,'BLOCK','2019-03-01 00:00:00',NULL),(8,101,1,1,8,'101000100010008','Block-Lager',800.00,1200.00,2000.00,'BLOCK','2019-03-01 00:00:00',NULL),(9,101,1,1,9,'101000100010009','Block-Lager',800.00,1200.00,2000.00,'BLOCK','2019-03-01 00:00:00',NULL),(10,101,1,1,10,'101000100010010','Block-Lager',800.00,1200.00,2000.00,'BLOCK','2019-03-01 00:00:00',NULL),(11,101,1,1,11,'101000100010011','Block-Lager',800.00,1200.00,2000.00,'BLOCK','2019-03-01 00:00:00',NULL),(12,101,1,1,12,'101000100010012','Block-Lager',800.00,1200.00,2000.00,'BLOCK','2019-03-01 00:00:00',NULL),(13,101,1,1,13,'101000100010013','Block-Lager',800.00,1200.00,2000.00,'BLOCK','2019-03-01 00:00:00',NULL),(14,101,1,1,14,'101000100010014','Block-Lager',800.00,1200.00,2000.00,'BLOCK','2019-03-01 00:00:00',NULL),(15,101,1,1,15,'101000100010015','Block-Lager',800.00,1200.00,2000.00,'BLOCK','2019-03-01 00:00:00',NULL),(16,101,1,1,16,'101000100010016','Block-Lager',800.00,1200.00,2000.00,'BLOCK','2019-03-01 00:00:00',NULL),(17,101,1,1,17,'101000100010017','Block-Lager',800.00,1200.00,2000.00,'BLOCK','2019-03-01 00:00:00',NULL),(18,101,1,1,18,'101000100010018','Block-Lager',800.00,1200.00,2000.00,'BLOCK','2019-03-01 00:00:00',NULL),(19,101,1,1,19,'101000100010019','Block-Lager',800.00,1200.00,2000.00,'BLOCK','2019-03-01 00:00:00',NULL),(20,101,1,1,20,'101000100010020','Block-Lager',800.00,1200.00,2000.00,'BLOCK','2019-03-01 00:00:00',NULL),(21,101,1,1,21,'101000100010021','Block-Lager',800.00,1200.00,2000.00,'BLOCK','2019-03-01 00:00:00',NULL),(22,101,1,1,22,'101000100010022','Block-Lager',800.00,1200.00,2000.00,'BLOCK','2019-03-01 00:00:00',NULL),(23,101,1,1,23,'101000100010023','Block-Lager',800.00,1200.00,2000.00,'BLOCK','2019-03-01 00:00:00',NULL),(24,101,1,1,24,'101000100010024','Block-Lager',800.00,1200.00,2000.00,'BLOCK','2019-03-01 00:00:00',NULL),(25,101,1,1,25,'101000100010025','Block-Lager',800.00,1200.00,2000.00,'BLOCK','2019-03-01 00:00:00',NULL),(26,101,1,1,26,'101000100010026','Block-Lager',800.00,1200.00,2000.00,'BLOCK','2019-03-01 00:00:00',NULL),(27,101,1,1,27,'101000100010027','Block-Lager',800.00,1200.00,2000.00,'BLOCK','2019-03-01 00:00:00',NULL),(28,101,1,1,28,'101000100010028','Block-Lager',800.00,1200.00,2000.00,'BLOCK','2019-03-01 00:00:00',NULL),(29,101,1,1,29,'101000100010029','Block-Lager',800.00,1200.00,2000.00,'BLOCK','2019-03-01 00:00:00',NULL),(30,101,1,1,30,'101000100010030','Block-Lager',800.00,1200.00,2000.00,'BLOCK','2019-03-01 00:00:00',NULL),(31,101,1,2,1,'101000100020001','Block-Lager',800.00,1200.00,2000.00,'BLOCK','2019-03-01 00:00:00',NULL),(32,101,1,2,2,'101000100020002','Block-Lager',800.00,1200.00,2000.00,'BLOCK','2019-03-01 00:00:00',NULL),(33,101,1,2,3,'101000100020003','Block-Lager',800.00,1200.00,2000.00,'BLOCK','2019-03-01 00:00:00',NULL),(34,101,1,2,4,'101000100020004','Block-Lager',800.00,1200.00,2000.00,'BLOCK','2019-03-01 00:00:00',NULL),(35,101,1,2,5,'101000100020005','Block-Lager',800.00,1200.00,2000.00,'BLOCK','2019-03-01 00:00:00',NULL),(36,101,1,2,6,'101000100020006','Block-Lager',800.00,1200.00,2000.00,'BLOCK','2019-03-01 00:00:00',NULL),(37,101,1,2,7,'101000100020007','Block-Lager',800.00,1200.00,2000.00,'BLOCK','2019-03-01 00:00:00',NULL),(38,101,1,2,8,'101000100020008','Block-Lager',800.00,1200.00,2000.00,'BLOCK','2019-03-01 00:00:00',NULL),(39,101,1,2,9,'101000100020009','Block-Lager',800.00,1200.00,2000.00,'BLOCK','2019-03-01 00:00:00',NULL),(40,101,1,2,10,'101000100020010','Block-Lager',800.00,1200.00,2000.00,'BLOCK','2019-03-01 00:00:00',NULL),(41,101,1,2,11,'101000100020011','Block-Lager',800.00,1200.00,2000.00,'BLOCK','2019-03-01 00:00:00',NULL),(42,101,1,2,12,'101000100020012','Block-Lager',800.00,1200.00,2000.00,'BLOCK','2019-03-01 00:00:00',NULL),(43,101,1,2,13,'101000100020013','Block-Lager',800.00,1200.00,2000.00,'BLOCK','2019-03-01 00:00:00',NULL),(44,101,1,2,14,'101000100020014','Block-Lager',800.00,1200.00,2000.00,'BLOCK','2019-03-01 00:00:00',NULL),(45,101,1,2,15,'101000100020015','Block-Lager',800.00,1200.00,2000.00,'BLOCK','2019-03-01 00:00:00',NULL),(46,101,1,2,16,'101000100020016','Block-Lager',800.00,1200.00,2000.00,'BLOCK','2019-03-01 00:00:00',NULL),(47,101,1,2,17,'101000100020017','Block-Lager',800.00,1200.00,2000.00,'BLOCK','2019-03-01 00:00:00',NULL),(48,101,1,2,18,'101000100020018','Block-Lager',800.00,1200.00,2000.00,'BLOCK','2019-03-01 00:00:00',NULL),(49,101,1,2,19,'101000100020019','Block-Lager',800.00,1200.00,2000.00,'BLOCK','2019-03-01 00:00:00',NULL),(50,101,1,2,20,'101000100020020','Block-Lager',800.00,1200.00,2000.00,'BLOCK','2019-03-01 00:00:00',NULL),(51,101,1,2,21,'101000100020021','Block-Lager',800.00,1200.00,2000.00,'BLOCK','2019-03-01 00:00:00',NULL),(52,101,1,2,22,'101000100020022','Block-Lager',800.00,1200.00,2000.00,'BLOCK','2019-03-01 00:00:00',NULL),(53,101,1,2,23,'101000100020023','Block-Lager',800.00,1200.00,2000.00,'BLOCK','2019-03-01 00:00:00',NULL),(54,101,1,2,24,'101000100020024','Block-Lager',800.00,1200.00,2000.00,'BLOCK','2019-03-01 00:00:00',NULL),(55,101,1,2,25,'101000100020025','Block-Lager',800.00,1200.00,2000.00,'BLOCK','2019-03-01 00:00:00',NULL),(56,101,1,2,26,'101000100020026','Block-Lager',800.00,1200.00,2000.00,'BLOCK','2019-03-01 00:00:00',NULL),(57,101,1,2,27,'101000100020027','Block-Lager',800.00,1200.00,2000.00,'BLOCK','2019-03-01 00:00:00',NULL),(58,101,1,2,28,'101000100020028','Block-Lager',800.00,1200.00,2000.00,'BLOCK','2019-03-01 00:00:00',NULL),(59,101,1,2,29,'101000100020029','Block-Lager',800.00,1200.00,2000.00,'BLOCK','2019-03-01 00:00:00',NULL),(60,101,1,2,30,'101000100020030','Block-Lager',800.00,1200.00,2000.00,'BLOCK','2019-03-01 00:00:00',NULL),(61,141,1,1,1,'141000100010001','Pal Regal',800.00,1200.00,1800.00,'KOMPAL200','2019-03-01 00:00:00',NULL),(62,141,1,2,1,'141000100020001','Pal Regal',800.00,1200.00,1800.00,'KOMPAL200','2019-03-01 00:00:00',NULL),(63,141,1,3,1,'141000100030001','Pal Regal',800.00,1200.00,1800.00,'KOMPAL200','2019-03-01 00:00:00',NULL),(64,141,1,4,1,'141000100040001','Pal Regal',800.00,1200.00,1800.00,'KOMPAL200','2019-03-01 00:00:00',NULL),(65,141,1,5,1,'141000100050001','Pal Regal',800.00,1200.00,1800.00,'KOMPAL200','2019-03-01 00:00:00',NULL),(66,141,1,6,1,'141000100060001','Pal Regal',800.00,1200.00,1800.00,'KOMPAL200','2019-03-01 00:00:00',NULL),(67,141,1,7,1,'141000100070001','Pal Regal',800.00,1200.00,1800.00,'KOMPAL200','2019-03-01 00:00:00',NULL),(68,141,1,8,1,'141000100080001','Pal Regal',800.00,1200.00,1800.00,'KOMPAL200','2019-03-01 00:00:00',NULL),(69,141,1,9,1,'141000100090001','Pal Regal',800.00,1200.00,1800.00,'KOMPAL200','2019-03-01 00:00:00',NULL),(70,141,1,10,1,'141000100100001','Pal Regal',800.00,1200.00,1800.00,'KOMPAL200','2019-03-01 00:00:00',NULL),(71,141,1,11,1,'141000100110001','Pal Regal',800.00,1200.00,1800.00,'KOMPAL200','2019-03-01 00:00:00',NULL),(72,141,1,12,1,'141000100120001','Pal Regal',800.00,1200.00,1800.00,'KOMPAL200','2019-03-01 00:00:00',NULL),(73,141,1,13,1,'141000100130001','Pal Regal',800.00,1200.00,1800.00,'KOMPAL200','2019-03-01 00:00:00',NULL),(74,141,1,14,1,'141000100140001','Pal Regal',800.00,1200.00,1800.00,'KOMPAL200','2019-03-01 00:00:00',NULL),(75,141,1,15,1,'141000100150001','Pal Regal',800.00,1200.00,1800.00,'KOMPAL200','2019-03-01 00:00:00',NULL),(76,141,2,1,1,'141000200010001','Pal Regal',800.00,1200.00,1800.00,'NASPAL200','2019-03-01 00:00:00',NULL),(77,141,2,2,1,'141000200020001','Pal Regal',800.00,1200.00,1800.00,'NASPAL200','2019-03-01 00:00:00',NULL),(78,141,2,3,1,'141000200030001','Pal Regal',800.00,1200.00,1800.00,'NASPAL200','2019-03-01 00:00:00',NULL),(79,141,2,4,1,'141000200040001','Pal Regal',800.00,1200.00,1800.00,'NASPAL200','2019-03-01 00:00:00',NULL),(80,141,2,5,1,'141000200050001','Pal Regal',800.00,1200.00,1800.00,'NASPAL200','2019-03-01 00:00:00',NULL),(81,141,2,6,1,'141000200060001','Pal Regal',800.00,1200.00,1800.00,'NASPAL200','2019-03-01 00:00:00',NULL),(82,141,2,7,1,'141000200070001','Pal Regal',800.00,1200.00,1800.00,'NASPAL200','2019-03-01 00:00:00',NULL),(83,141,2,8,1,'141000200080001','Pal Regal',800.00,1200.00,1800.00,'NASPAL200','2019-03-01 00:00:00',NULL),(84,141,2,9,1,'141000200090001','Pal Regal',800.00,1200.00,1800.00,'NASPAL200','2019-03-01 00:00:00',NULL),(85,141,2,10,1,'141000200100001','Pal Regal',800.00,1200.00,1800.00,'NASPAL200','2019-03-01 00:00:00',NULL),(86,141,2,11,1,'141000200110001','Pal Regal',800.00,1200.00,1800.00,'NASPAL200','2019-03-01 00:00:00',NULL),(87,141,2,12,1,'141000200120001','Pal Regal',800.00,1200.00,1800.00,'NASPAL200','2019-03-01 00:00:00',NULL),(88,141,2,13,1,'141000200130001','Pal Regal',800.00,1200.00,1800.00,'NASPAL200','2019-03-01 00:00:00',NULL),(89,141,2,14,1,'141000200140001','Pal Regal',800.00,1200.00,1800.00,'NASPAL200','2019-03-01 00:00:00',NULL),(90,141,2,15,1,'141000200150001','Pal Regal',800.00,1200.00,1800.00,'NASPAL200','2019-03-01 00:00:00',NULL),(91,151,1,1,1,'151000100010001','Durchlaufregal',400.00,400.00,300.00,'DL REGAL','2019-03-01 00:00:00',NULL),(92,151,1,2,1,'151000100020001','Durchlaufregal',400.00,400.00,300.00,'DL REGAL','2019-03-01 00:00:00',NULL),(93,151,1,3,1,'151000100030001','Durchlaufregal',400.00,400.00,300.00,'DL REGAL','2019-03-01 00:00:00',NULL),(94,151,1,4,1,'151000100040001','Durchlaufregal',400.00,400.00,300.00,'DL REGAL','2019-03-01 00:00:00',NULL),(95,151,1,5,1,'151000100050001','Durchlaufregal',400.00,400.00,300.00,'DL REGAL','2019-03-01 00:00:00',NULL),(96,151,1,6,1,'151000100060001','Durchlaufregal',400.00,400.00,300.00,'DL REGAL','2019-03-01 00:00:00',NULL),(97,151,1,7,1,'151000100070001','Durchlaufregal',400.00,400.00,300.00,'DL REGAL','2019-03-01 00:00:00',NULL),(98,151,1,8,1,'151000100080001','Durchlaufregal',400.00,400.00,300.00,'DL REGAL','2019-03-01 00:00:00',NULL),(99,151,1,9,1,'151000100090001','Durchlaufregal',400.00,400.00,300.00,'DL REGAL','2019-03-01 00:00:00',NULL),(100,151,1,10,1,'151000100100001','Durchlaufregal',400.00,400.00,300.00,'DL REGAL','2019-03-01 00:00:00',NULL),(101,151,2,1,1,'151000200010001','Durchlaufregal',400.00,400.00,300.00,'DL REGAL','2019-03-01 00:00:00',NULL),(102,151,2,2,1,'151000200020001','Durchlaufregal',400.00,400.00,300.00,'DL REGAL','2019-03-01 00:00:00',NULL),(103,151,2,3,1,'151000200030001','Durchlaufregal',400.00,400.00,300.00,'DL REGAL','2019-03-01 00:00:00',NULL),(104,151,2,4,1,'151000200040001','Durchlaufregal',400.00,400.00,300.00,'DL REGAL','2019-03-01 00:00:00',NULL),(105,151,2,5,1,'151000200050001','Durchlaufregal',400.00,400.00,300.00,'DL REGAL','2019-03-01 00:00:00',NULL),(106,151,2,6,1,'151000200060001','Durchlaufregal',400.00,400.00,300.00,'DL REGAL','2019-03-01 00:00:00',NULL),(107,151,2,7,1,'151000200070001','Durchlaufregal',400.00,400.00,300.00,'DL REGAL','2019-03-01 00:00:00',NULL),(108,151,2,8,1,'151000200080001','Durchlaufregal',400.00,400.00,300.00,'DL REGAL','2019-03-01 00:00:00',NULL),(109,151,2,9,1,'151000200090001','Durchlaufregal',400.00,400.00,300.00,'DL REGAL','2019-03-01 00:00:00',NULL),(110,151,2,10,1,'151000200100001','Durchlaufregal',400.00,400.00,300.00,'DL REGAL','2019-03-01 00:00:00',NULL),(111,151,3,1,1,'151000300010001','Durchlaufregal',400.00,400.00,300.00,'DL REGAL','2019-03-01 00:00:00',NULL),(112,151,3,2,1,'151000300020001','Durchlaufregal',400.00,400.00,300.00,'DL REGAL','2019-03-01 00:00:00',NULL),(113,151,3,3,1,'151000300030001','Durchlaufregal',400.00,400.00,300.00,'DL REGAL','2019-03-01 00:00:00',NULL),(114,151,3,4,1,'151000300040001','Durchlaufregal',400.00,400.00,300.00,'DL REGAL','2019-03-01 00:00:00',NULL),(115,151,3,5,1,'151000300050001','Durchlaufregal',400.00,400.00,300.00,'DL REGAL','2019-03-01 00:00:00',NULL),(116,151,3,6,1,'151000300060001','Durchlaufregal',400.00,400.00,300.00,'DL REGAL','2019-03-01 00:00:00',NULL),(117,151,3,7,1,'151000300070001','Durchlaufregal',400.00,400.00,300.00,'DL REGAL','2019-03-01 00:00:00',NULL),(118,151,3,8,1,'151000300080001','Durchlaufregal',400.00,400.00,300.00,'DL REGAL','2019-03-01 00:00:00',NULL),(119,151,3,9,1,'151000300090001','Durchlaufregal',400.00,400.00,300.00,'DL REGAL','2019-03-01 00:00:00',NULL),(120,151,3,10,1,'151000300100001','Durchlaufregal',400.00,400.00,300.00,'DL REGAL','2019-03-01 00:00:00',NULL),(121,151,4,1,1,'151000400010001','Durchlaufregal',400.00,400.00,300.00,'DL REGAL','2019-03-01 00:00:00',NULL),(122,151,4,2,1,'151000400020001','Durchlaufregal',400.00,400.00,300.00,'DL REGAL','2019-03-01 00:00:00',NULL),(123,151,4,3,1,'151000400030001','Durchlaufregal',400.00,400.00,300.00,'DL REGAL','2019-03-01 00:00:00',NULL),(124,151,4,4,1,'151000400040001','Durchlaufregal',400.00,400.00,300.00,'DL REGAL','2019-03-01 00:00:00',NULL),(125,151,4,5,1,'151000400050001','Durchlaufregal',400.00,400.00,300.00,'DL REGAL','2019-03-01 00:00:00',NULL),(126,151,4,6,1,'151000400060001','Durchlaufregal',400.00,400.00,300.00,'DL REGAL','2019-03-01 00:00:00',NULL),(127,151,4,7,1,'151000400070001','Durchlaufregal',400.00,400.00,300.00,'DL REGAL','2019-03-01 00:00:00',NULL),(128,151,4,8,1,'151000400080001','Durchlaufregal',400.00,400.00,300.00,'DL REGAL','2019-03-01 00:00:00',NULL),(129,151,4,9,1,'151000400090001','Durchlaufregal',400.00,400.00,300.00,'DL REGAL','2019-03-01 00:00:00',NULL),(130,151,4,10,1,'151000400100001','Durchlaufregal',400.00,400.00,300.00,'DL REGAL','2019-03-01 00:00:00',NULL),(131,151,5,1,1,'151000500010001','Durchlaufregal',400.00,400.00,300.00,'DL REGAL','2019-03-01 00:00:00',NULL),(132,151,5,2,1,'151000500020001','Durchlaufregal',400.00,400.00,300.00,'DL REGAL','2019-03-01 00:00:00',NULL),(133,151,5,3,1,'151000500030001','Durchlaufregal',400.00,400.00,300.00,'DL REGAL','2019-03-01 00:00:00',NULL),(134,151,5,4,1,'151000500040001','Durchlaufregal',400.00,400.00,300.00,'DL REGAL','2019-03-01 00:00:00',NULL),(135,151,5,5,1,'151000500050001','Durchlaufregal',400.00,400.00,300.00,'DL REGAL','2019-03-01 00:00:00',NULL),(136,151,5,6,1,'151000500060001','Durchlaufregal',400.00,400.00,300.00,'DL REGAL','2019-03-01 00:00:00',NULL),(137,151,5,7,1,'151000500070001','Durchlaufregal',400.00,400.00,300.00,'DL REGAL','2019-03-01 00:00:00',NULL),(138,151,5,8,1,'151000500080001','Durchlaufregal',400.00,400.00,300.00,'DL REGAL','2019-03-01 00:00:00',NULL),(139,151,5,9,1,'151000500090001','Durchlaufregal',400.00,400.00,300.00,'DL REGAL','2019-03-01 00:00:00',NULL),(140,151,5,10,1,'151000500100001','Durchlaufregal',400.00,400.00,300.00,'DL REGAL','2019-03-01 00:00:00',NULL),(141,104,1,1,1,'104000100010001','Block-Lager',1200.00,800.00,2500.00,'BLOCK','2019-03-01 00:00:00',NULL),(142,104,1,1,2,'104000100010002','Block-Lager',1200.00,800.00,2500.00,'BLOCK','2019-03-01 00:00:00',NULL),(143,104,1,1,3,'104000100010003','Block-Lager',1200.00,800.00,2500.00,'BLOCK','2019-03-01 00:00:00',NULL),(144,104,1,1,4,'104000100010004','Block-Lager',1200.00,800.00,2500.00,'BLOCK','2019-03-01 00:00:00',NULL),(145,104,1,1,5,'104000100010005','Block-Lager',1200.00,800.00,2500.00,'BLOCK','2019-03-01 00:00:00',NULL),(146,104,1,1,6,'104000100010006','Block-Lager',1200.00,800.00,2500.00,'BLOCK','2019-03-01 00:00:00',NULL),(147,104,1,1,7,'104000100010007','Block-Lager',1200.00,800.00,2500.00,'BLOCK','2019-03-01 00:00:00',NULL),(148,104,1,1,8,'104000100010008','Block-Lager',1200.00,800.00,2500.00,'BLOCK','2019-03-01 00:00:00',NULL),(149,104,1,1,9,'104000100010009','Block-Lager',1200.00,800.00,2500.00,'BLOCK','2019-03-01 00:00:00',NULL),(150,104,1,1,10,'104000100010010','Block-Lager',1200.00,800.00,2500.00,'BLOCK','2019-03-01 00:00:00',NULL),(151,104,1,1,11,'104000100010011','Block-Lager',1200.00,800.00,2500.00,'BLOCK','2019-03-01 00:00:00',NULL),(152,104,1,1,12,'104000100010012','Block-Lager',1200.00,800.00,2500.00,'BLOCK','2019-03-01 00:00:00',NULL),(153,104,1,1,13,'104000100010013','Block-Lager',1200.00,800.00,2500.00,'BLOCK','2019-03-01 00:00:00',NULL),(154,104,1,1,14,'104000100010014','Block-Lager',1200.00,800.00,2500.00,'BLOCK','2019-03-01 00:00:00',NULL),(155,104,1,1,15,'104000100010015','Block-Lager',1200.00,800.00,2500.00,'BLOCK','2019-03-01 00:00:00',NULL),(156,104,1,1,16,'104000100010016','Block-Lager',1200.00,800.00,2500.00,'BLOCK','2019-03-01 00:00:00',NULL),(157,104,1,1,17,'104000100010017','Block-Lager',1200.00,800.00,2500.00,'BLOCK','2019-03-01 00:00:00',NULL),(158,104,1,1,18,'104000100010018','Block-Lager',1200.00,800.00,2500.00,'BLOCK','2019-03-01 00:00:00',NULL),(159,104,1,1,19,'104000100010019','Block-Lager',1200.00,800.00,2500.00,'BLOCK','2019-03-01 00:00:00',NULL),(160,104,1,1,20,'104000100010020','Block-Lager',1200.00,800.00,2500.00,'BLOCK','2019-03-01 00:00:00',NULL),(161,104,1,1,21,'104000100010021','Block-Lager',1200.00,800.00,2500.00,'BLOCK','2019-03-01 00:00:00',NULL),(162,104,1,1,22,'104000100010022','Block-Lager',1200.00,800.00,2500.00,'BLOCK','2019-03-01 00:00:00',NULL),(163,104,1,1,23,'104000100010023','Block-Lager',1200.00,800.00,2500.00,'BLOCK','2019-03-01 00:00:00',NULL),(164,104,1,1,24,'104000100010024','Block-Lager',1200.00,800.00,2500.00,'BLOCK','2019-03-01 00:00:00',NULL),(165,104,1,1,25,'104000100010025','Block-Lager',1200.00,800.00,2500.00,'BLOCK','2019-03-01 00:00:00',NULL),(166,104,1,1,26,'104000100010026','Block-Lager',1200.00,800.00,2500.00,'BLOCK','2019-03-01 00:00:00',NULL),(167,104,1,1,27,'104000100010027','Block-Lager',1200.00,800.00,2500.00,'BLOCK','2019-03-01 00:00:00',NULL),(168,104,1,1,28,'104000100010028','Block-Lager',1200.00,800.00,2500.00,'BLOCK','2019-03-01 00:00:00',NULL),(169,104,1,1,29,'104000100010029','Block-Lager',1200.00,800.00,2500.00,'BLOCK','2019-03-01 00:00:00',NULL),(170,104,1,1,30,'104000100010030','Block-Lager',1200.00,800.00,2500.00,'BLOCK','2019-03-01 00:00:00',NULL),(171,104,1,1,31,'104000100010031','Block-Lager',1200.00,800.00,2500.00,'BLOCK','2019-03-01 00:00:00',NULL),(172,104,1,1,32,'104000100010032','Block-Lager',1200.00,800.00,2500.00,'BLOCK','2019-03-01 00:00:00',NULL),(173,104,1,1,33,'104000100010033','Block-Lager',1200.00,800.00,2500.00,'BLOCK','2019-03-01 00:00:00',NULL),(174,104,1,1,34,'104000100010034','Block-Lager',1200.00,800.00,2500.00,'BLOCK','2019-03-01 00:00:00',NULL),(175,104,1,1,35,'104000100010035','Block-Lager',1200.00,800.00,2500.00,'BLOCK','2019-03-01 00:00:00',NULL),(176,104,1,1,36,'104000100010036','Block-Lager',1200.00,800.00,2500.00,'BLOCK','2019-03-01 00:00:00',NULL),(177,104,1,1,37,'104000100010037','Block-Lager',1200.00,800.00,2500.00,'BLOCK','2019-03-01 00:00:00',NULL),(178,104,1,1,38,'104000100010038','Block-Lager',1200.00,800.00,2500.00,'BLOCK','2019-03-01 00:00:00',NULL),(179,104,1,1,39,'104000100010039','Block-Lager',1200.00,800.00,2500.00,'BLOCK','2019-03-01 00:00:00',NULL),(180,104,1,1,40,'104000100010040','Block-Lager',1200.00,800.00,2500.00,'BLOCK','2019-03-01 00:00:00',NULL),(181,104,1,1,41,'104000100010041','Block-Lager',1200.00,800.00,2500.00,'BLOCK','2019-03-01 00:00:00',NULL),(182,104,1,1,42,'104000100010042','Block-Lager',1200.00,800.00,2500.00,'BLOCK','2019-03-01 00:00:00',NULL),(183,104,1,1,43,'104000100010043','Block-Lager',1200.00,800.00,2500.00,'BLOCK','2019-03-01 00:00:00',NULL),(184,104,1,1,44,'104000100010044','Block-Lager',1200.00,800.00,2500.00,'BLOCK','2019-03-01 00:00:00',NULL),(185,104,1,1,45,'104000100010045','Block-Lager',1200.00,800.00,2500.00,'BLOCK','2019-03-01 00:00:00',NULL),(186,104,1,1,46,'104000100010046','Block-Lager',1200.00,800.00,2500.00,'BLOCK','2019-03-01 00:00:00',NULL),(187,104,1,1,47,'104000100010047','Block-Lager',1200.00,800.00,2500.00,'BLOCK','2019-03-01 00:00:00',NULL),(188,104,1,1,48,'104000100010048','Block-Lager',1200.00,800.00,2500.00,'BLOCK','2019-03-01 00:00:00',NULL),(189,104,1,1,49,'104000100010049','Block-Lager',1200.00,800.00,2500.00,'BLOCK','2019-03-01 00:00:00',NULL),(190,104,1,1,50,'104000100010050','Block-Lager',1200.00,800.00,2500.00,'BLOCK','2019-03-01 00:00:00',NULL),(191,104,1,1,51,'104000100010051','Block-Lager',1200.00,800.00,2500.00,'BLOCK','2019-03-01 00:00:00',NULL),(192,104,1,1,52,'104000100010052','Block-Lager',1200.00,800.00,2500.00,'BLOCK','2019-03-01 00:00:00',NULL),(193,104,1,2,1,'104000100020001','Block-Lager',1200.00,800.00,2500.00,'BLOCK','2019-03-01 00:00:00',NULL),(194,104,1,2,2,'104000100020002','Block-Lager',1200.00,800.00,2500.00,'BLOCK','2019-03-01 00:00:00',NULL),(195,104,1,2,3,'104000100020003','Block-Lager',1200.00,800.00,2500.00,'BLOCK','2019-03-01 00:00:00',NULL),(196,104,1,2,4,'104000100020004','Block-Lager',1200.00,800.00,2500.00,'BLOCK','2019-03-01 00:00:00',NULL),(197,104,1,2,5,'104000100020005','Block-Lager',1200.00,800.00,2500.00,'BLOCK','2019-03-01 00:00:00',NULL),(198,104,1,2,6,'104000100020006','Block-Lager',1200.00,800.00,2500.00,'BLOCK','2019-03-01 00:00:00',NULL),(199,104,1,2,7,'104000100020007','Block-Lager',1200.00,800.00,2500.00,'BLOCK','2019-03-01 00:00:00',NULL),(200,104,1,2,8,'104000100020008','Block-Lager',1200.00,800.00,2500.00,'BLOCK','2019-03-01 00:00:00',NULL),(201,104,1,2,9,'104000100020009','Block-Lager',1200.00,800.00,2500.00,'BLOCK','2019-03-01 00:00:00',NULL),(202,104,1,2,10,'104000100020010','Block-Lager',1200.00,800.00,2500.00,'BLOCK','2019-03-01 00:00:00',NULL),(203,104,1,2,11,'104000100020011','Block-Lager',1200.00,800.00,2500.00,'BLOCK','2019-03-01 00:00:00',NULL),(204,104,1,2,12,'104000100020012','Block-Lager',1200.00,800.00,2500.00,'BLOCK','2019-03-01 00:00:00',NULL),(205,104,1,2,13,'104000100020013','Block-Lager',1200.00,800.00,2500.00,'BLOCK','2019-03-01 00:00:00',NULL),(206,104,1,2,14,'104000100020014','Block-Lager',1200.00,800.00,2500.00,'BLOCK','2019-03-01 00:00:00',NULL),(207,104,1,2,15,'104000100020015','Block-Lager',1200.00,800.00,2500.00,'BLOCK','2019-03-01 00:00:00',NULL),(208,104,1,2,16,'104000100020016','Block-Lager',1200.00,800.00,2500.00,'BLOCK','2019-03-01 00:00:00',NULL),(209,104,1,2,17,'104000100020017','Block-Lager',1200.00,800.00,2500.00,'BLOCK','2019-03-01 00:00:00',NULL),(210,104,1,2,18,'104000100020018','Block-Lager',1200.00,800.00,2500.00,'BLOCK','2019-03-01 00:00:00',NULL),(211,104,1,2,19,'104000100020019','Block-Lager',1200.00,800.00,2500.00,'BLOCK','2019-03-01 00:00:00',NULL),(212,104,1,2,20,'104000100020020','Block-Lager',1200.00,800.00,2500.00,'BLOCK','2019-03-01 00:00:00',NULL),(213,104,1,2,21,'104000100020021','Block-Lager',1200.00,800.00,2500.00,'BLOCK','2019-03-01 00:00:00',NULL),(214,104,1,2,22,'104000100020022','Block-Lager',1200.00,800.00,2500.00,'BLOCK','2019-03-01 00:00:00',NULL),(215,104,1,2,23,'104000100020023','Block-Lager',1200.00,800.00,2500.00,'BLOCK','2019-03-01 00:00:00',NULL),(216,104,1,2,24,'104000100020024','Block-Lager',1200.00,800.00,2500.00,'BLOCK','2019-03-01 00:00:00',NULL),(217,104,1,2,25,'104000100020025','Block-Lager',1200.00,800.00,2500.00,'BLOCK','2019-03-01 00:00:00',NULL),(218,104,1,2,26,'104000100020026','Block-Lager',1200.00,800.00,2500.00,'BLOCK','2019-03-01 00:00:00',NULL),(219,104,1,2,27,'104000100020027','Block-Lager',1200.00,800.00,2500.00,'BLOCK','2019-03-01 00:00:00',NULL),(220,104,1,2,28,'104000100020028','Block-Lager',1200.00,800.00,2500.00,'BLOCK','2019-03-01 00:00:00',NULL),(221,104,1,2,29,'104000100020029','Block-Lager',1200.00,800.00,2500.00,'BLOCK','2019-03-01 00:00:00',NULL),(222,104,1,2,30,'104000100020030','Block-Lager',1200.00,800.00,2500.00,'BLOCK','2019-03-01 00:00:00',NULL),(223,104,1,2,31,'104000100020031','Block-Lager',1200.00,800.00,2500.00,'BLOCK','2019-03-01 00:00:00',NULL),(224,104,1,2,32,'104000100020032','Block-Lager',1200.00,800.00,2500.00,'BLOCK','2019-03-01 00:00:00',NULL),(225,104,1,2,33,'104000100020033','Block-Lager',1200.00,800.00,2500.00,'BLOCK','2019-03-01 00:00:00',NULL),(226,104,1,2,34,'104000100020034','Block-Lager',1200.00,800.00,2500.00,'BLOCK','2019-03-01 00:00:00',NULL),(227,104,1,2,35,'104000100020035','Block-Lager',1200.00,800.00,2500.00,'BLOCK','2019-03-01 00:00:00',NULL),(228,104,1,2,36,'104000100020036','Block-Lager',1200.00,800.00,2500.00,'BLOCK','2019-03-01 00:00:00',NULL),(229,104,1,2,37,'104000100020037','Block-Lager',1200.00,800.00,2500.00,'BLOCK','2019-03-01 00:00:00',NULL),(230,104,1,2,38,'104000100020038','Block-Lager',1200.00,800.00,2500.00,'BLOCK','2019-03-01 00:00:00',NULL),(231,104,1,2,39,'104000100020039','Block-Lager',1200.00,800.00,2500.00,'BLOCK','2019-03-01 00:00:00',NULL),(232,104,1,2,40,'104000100020040','Block-Lager',1200.00,800.00,2500.00,'BLOCK','2019-03-01 00:00:00',NULL),(233,104,1,2,41,'104000100020041','Block-Lager',1200.00,800.00,2500.00,'BLOCK','2019-03-01 00:00:00',NULL),(234,104,1,2,42,'104000100020042','Block-Lager',1200.00,800.00,2500.00,'BLOCK','2019-03-01 00:00:00',NULL),(235,104,1,2,43,'104000100020043','Block-Lager',1200.00,800.00,2500.00,'BLOCK','2019-03-01 00:00:00',NULL),(236,104,1,2,44,'104000100020044','Block-Lager',1200.00,800.00,2500.00,'BLOCK','2019-03-01 00:00:00',NULL),(237,104,1,2,45,'104000100020045','Block-Lager',1200.00,800.00,2500.00,'BLOCK','2019-03-01 00:00:00',NULL),(238,104,1,2,46,'104000100020046','Block-Lager',1200.00,800.00,2500.00,'BLOCK','2019-03-01 00:00:00',NULL),(239,104,1,2,47,'104000100020047','Block-Lager',1200.00,800.00,2500.00,'BLOCK','2019-03-01 00:00:00',NULL),(240,104,1,2,48,'104000100020048','Block-Lager',1200.00,800.00,2500.00,'BLOCK','2019-03-01 00:00:00',NULL),(241,104,1,2,49,'104000100020049','Block-Lager',1200.00,800.00,2500.00,'BLOCK','2019-03-01 00:00:00',NULL),(242,104,1,2,50,'104000100020050','Block-Lager',1200.00,800.00,2500.00,'BLOCK','2019-03-01 00:00:00',NULL),(243,104,1,2,51,'104000100020051','Block-Lager',1200.00,800.00,2500.00,'BLOCK','2019-03-01 00:00:00',NULL),(244,104,1,2,52,'104000100020052','Block-Lager',1200.00,800.00,2500.00,'BLOCK','2019-03-01 00:00:00',NULL),(245,104,1,3,1,'104000100030001','Block-Lager',1200.00,800.00,2500.00,'BLOCK','2019-03-01 00:00:00',NULL),(246,104,1,3,2,'104000100030002','Block-Lager',1200.00,800.00,2500.00,'BLOCK','2019-03-01 00:00:00',NULL),(247,104,1,3,3,'104000100030003','Block-Lager',1200.00,800.00,2500.00,'BLOCK','2019-03-01 00:00:00',NULL),(248,104,1,3,4,'104000100030004','Block-Lager',1200.00,800.00,2500.00,'BLOCK','2019-03-01 00:00:00',NULL),(249,104,1,3,5,'104000100030005','Block-Lager',1200.00,800.00,2500.00,'BLOCK','2019-03-01 00:00:00',NULL),(250,104,1,3,6,'104000100030006','Block-Lager',1200.00,800.00,2500.00,'BLOCK','2019-03-01 00:00:00',NULL),(251,104,1,3,7,'104000100030007','Block-Lager',1200.00,800.00,2500.00,'BLOCK','2019-03-01 00:00:00',NULL),(252,104,1,3,8,'104000100030008','Block-Lager',1200.00,800.00,2500.00,'BLOCK','2019-03-01 00:00:00',NULL),(253,104,1,3,9,'104000100030009','Block-Lager',1200.00,800.00,2500.00,'BLOCK','2019-03-01 00:00:00',NULL),(254,104,1,3,10,'104000100030010','Block-Lager',1200.00,800.00,2500.00,'BLOCK','2019-03-01 00:00:00',NULL),(255,104,1,3,11,'104000100030011','Block-Lager',1200.00,800.00,2500.00,'BLOCK','2019-03-01 00:00:00',NULL),(256,104,1,3,12,'104000100030012','Block-Lager',1200.00,800.00,2500.00,'BLOCK','2019-03-01 00:00:00',NULL),(257,104,1,3,13,'104000100030013','Block-Lager',1200.00,800.00,2500.00,'BLOCK','2019-03-01 00:00:00',NULL),(258,104,1,3,14,'104000100030014','Block-Lager',1200.00,800.00,2500.00,'BLOCK','2019-03-01 00:00:00',NULL),(259,104,1,3,15,'104000100030015','Block-Lager',1200.00,800.00,2500.00,'BLOCK','2019-03-01 00:00:00',NULL),(260,104,1,3,16,'104000100030016','Block-Lager',1200.00,800.00,2500.00,'BLOCK','2019-03-01 00:00:00',NULL),(261,104,1,3,17,'104000100030017','Block-Lager',1200.00,800.00,2500.00,'BLOCK','2019-03-01 00:00:00',NULL),(262,104,1,3,18,'104000100030018','Block-Lager',1200.00,800.00,2500.00,'BLOCK','2019-03-01 00:00:00',NULL),(263,104,1,3,19,'104000100030019','Block-Lager',1200.00,800.00,2500.00,'BLOCK','2019-03-01 00:00:00',NULL),(264,104,1,3,20,'104000100030020','Block-Lager',1200.00,800.00,2500.00,'BLOCK','2019-03-01 00:00:00',NULL),(265,104,1,3,21,'104000100030021','Block-Lager',1200.00,800.00,2500.00,'BLOCK','2019-03-01 00:00:00',NULL),(266,104,1,3,22,'104000100030022','Block-Lager',1200.00,800.00,2500.00,'BLOCK','2019-03-01 00:00:00',NULL),(267,104,1,3,23,'104000100030023','Block-Lager',1200.00,800.00,2500.00,'BLOCK','2019-03-01 00:00:00',NULL),(268,104,1,3,24,'104000100030024','Block-Lager',1200.00,800.00,2500.00,'BLOCK','2019-03-01 00:00:00',NULL),(269,104,1,3,25,'104000100030025','Block-Lager',1200.00,800.00,2500.00,'BLOCK','2019-03-01 00:00:00',NULL),(270,104,1,3,26,'104000100030026','Block-Lager',1200.00,800.00,2500.00,'BLOCK','2019-03-01 00:00:00',NULL),(271,104,1,3,27,'104000100030027','Block-Lager',1200.00,800.00,2500.00,'BLOCK','2019-03-01 00:00:00',NULL),(272,104,1,3,28,'104000100030028','Block-Lager',1200.00,800.00,2500.00,'BLOCK','2019-03-01 00:00:00',NULL),(273,104,1,3,29,'104000100030029','Block-Lager',1200.00,800.00,2500.00,'BLOCK','2019-03-01 00:00:00',NULL),(274,104,1,3,30,'104000100030030','Block-Lager',1200.00,800.00,2500.00,'BLOCK','2019-03-01 00:00:00',NULL),(275,104,1,3,31,'104000100030031','Block-Lager',1200.00,800.00,2500.00,'BLOCK','2019-03-01 00:00:00',NULL),(276,104,1,3,32,'104000100030032','Block-Lager',1200.00,800.00,2500.00,'BLOCK','2019-03-01 00:00:00',NULL),(277,104,1,3,33,'104000100030033','Block-Lager',1200.00,800.00,2500.00,'BLOCK','2019-03-01 00:00:00',NULL),(278,104,1,3,34,'104000100030034','Block-Lager',1200.00,800.00,2500.00,'BLOCK','2019-03-01 00:00:00',NULL),(279,104,1,3,35,'104000100030035','Block-Lager',1200.00,800.00,2500.00,'BLOCK','2019-03-01 00:00:00',NULL),(280,104,1,3,36,'104000100030036','Block-Lager',1200.00,800.00,2500.00,'BLOCK','2019-03-01 00:00:00',NULL),(281,104,1,3,37,'104000100030037','Block-Lager',1200.00,800.00,2500.00,'BLOCK','2019-03-01 00:00:00',NULL),(282,104,1,3,38,'104000100030038','Block-Lager',1200.00,800.00,2500.00,'BLOCK','2019-03-01 00:00:00',NULL),(283,104,1,3,39,'104000100030039','Block-Lager',1200.00,800.00,2500.00,'BLOCK','2019-03-01 00:00:00',NULL),(284,104,1,3,40,'104000100030040','Block-Lager',1200.00,800.00,2500.00,'BLOCK','2019-03-01 00:00:00',NULL),(285,104,1,3,41,'104000100030041','Block-Lager',1200.00,800.00,2500.00,'BLOCK','2019-03-01 00:00:00',NULL),(286,104,1,3,42,'104000100030042','Block-Lager',1200.00,800.00,2500.00,'BLOCK','2019-03-01 00:00:00',NULL),(287,104,1,3,43,'104000100030043','Block-Lager',1200.00,800.00,2500.00,'BLOCK','2019-03-01 00:00:00',NULL),(288,104,1,3,44,'104000100030044','Block-Lager',1200.00,800.00,2500.00,'BLOCK','2019-03-01 00:00:00',NULL),(289,104,1,3,45,'104000100030045','Block-Lager',1200.00,800.00,2500.00,'BLOCK','2019-03-01 00:00:00',NULL),(290,104,1,3,46,'104000100030046','Block-Lager',1200.00,800.00,2500.00,'BLOCK','2019-03-01 00:00:00',NULL),(291,104,1,3,47,'104000100030047','Block-Lager',1200.00,800.00,2500.00,'BLOCK','2019-03-01 00:00:00',NULL),(292,104,1,3,48,'104000100030048','Block-Lager',1200.00,800.00,2500.00,'BLOCK','2019-03-01 00:00:00',NULL),(293,104,1,3,49,'104000100030049','Block-Lager',1200.00,800.00,2500.00,'BLOCK','2019-03-01 00:00:00',NULL),(294,104,1,3,50,'104000100030050','Block-Lager',1200.00,800.00,2500.00,'BLOCK','2019-03-01 00:00:00',NULL),(295,104,1,3,51,'104000100030051','Block-Lager',1200.00,800.00,2500.00,'BLOCK','2019-03-01 00:00:00',NULL),(296,104,1,3,52,'104000100030052','Block-Lager',1200.00,800.00,2500.00,'BLOCK','2019-03-01 00:00:00',NULL),(297,104,1,4,1,'104000100040001','Block-Lager',1200.00,800.00,2500.00,'BLOCK','2019-03-01 00:00:00',NULL),(298,104,1,4,2,'104000100040002','Block-Lager',1200.00,800.00,2500.00,'BLOCK','2019-03-01 00:00:00',NULL),(299,104,1,4,3,'104000100040003','Block-Lager',1200.00,800.00,2500.00,'BLOCK','2019-03-01 00:00:00',NULL),(300,104,1,4,4,'104000100040004','Block-Lager',1200.00,800.00,2500.00,'BLOCK','2019-03-01 00:00:00',NULL),(301,104,1,4,5,'104000100040005','Block-Lager',1200.00,800.00,2500.00,'BLOCK','2019-03-01 00:00:00',NULL),(302,104,1,4,6,'104000100040006','Block-Lager',1200.00,800.00,2500.00,'BLOCK','2019-03-01 00:00:00',NULL),(303,104,1,4,7,'104000100040007','Block-Lager',1200.00,800.00,2500.00,'BLOCK','2019-03-01 00:00:00',NULL),(304,104,1,4,8,'104000100040008','Block-Lager',1200.00,800.00,2500.00,'BLOCK','2019-03-01 00:00:00',NULL),(305,104,1,4,9,'104000100040009','Block-Lager',1200.00,800.00,2500.00,'BLOCK','2019-03-01 00:00:00',NULL),(306,104,1,4,10,'104000100040010','Block-Lager',1200.00,800.00,2500.00,'BLOCK','2019-03-01 00:00:00',NULL),(307,104,1,4,11,'104000100040011','Block-Lager',1200.00,800.00,2500.00,'BLOCK','2019-03-01 00:00:00',NULL),(308,104,1,4,12,'104000100040012','Block-Lager',1200.00,800.00,2500.00,'BLOCK','2019-03-01 00:00:00',NULL),(309,104,1,4,13,'104000100040013','Block-Lager',1200.00,800.00,2500.00,'BLOCK','2019-03-01 00:00:00',NULL),(310,104,1,4,14,'104000100040014','Block-Lager',1200.00,800.00,2500.00,'BLOCK','2019-03-01 00:00:00',NULL),(311,104,1,4,15,'104000100040015','Block-Lager',1200.00,800.00,2500.00,'BLOCK','2019-03-01 00:00:00',NULL),(312,104,1,4,16,'104000100040016','Block-Lager',1200.00,800.00,2500.00,'BLOCK','2019-03-01 00:00:00',NULL),(313,104,1,4,17,'104000100040017','Block-Lager',1200.00,800.00,2500.00,'BLOCK','2019-03-01 00:00:00',NULL),(314,104,1,4,18,'104000100040018','Block-Lager',1200.00,800.00,2500.00,'BLOCK','2019-03-01 00:00:00',NULL),(315,104,1,4,19,'104000100040019','Block-Lager',1200.00,800.00,2500.00,'BLOCK','2019-03-01 00:00:00',NULL),(316,104,1,4,20,'104000100040020','Block-Lager',1200.00,800.00,2500.00,'BLOCK','2019-03-01 00:00:00',NULL),(317,104,1,4,21,'104000100040021','Block-Lager',1200.00,800.00,2500.00,'BLOCK','2019-03-01 00:00:00',NULL),(318,104,1,4,22,'104000100040022','Block-Lager',1200.00,800.00,2500.00,'BLOCK','2019-03-01 00:00:00',NULL),(319,104,1,4,23,'104000100040023','Block-Lager',1200.00,800.00,2500.00,'BLOCK','2019-03-01 00:00:00',NULL),(320,104,1,4,24,'104000100040024','Block-Lager',1200.00,800.00,2500.00,'BLOCK','2019-03-01 00:00:00',NULL),(321,104,1,4,25,'104000100040025','Block-Lager',1200.00,800.00,2500.00,'BLOCK','2019-03-01 00:00:00',NULL),(322,104,1,4,26,'104000100040026','Block-Lager',1200.00,800.00,2500.00,'BLOCK','2019-03-01 00:00:00',NULL),(323,104,1,4,27,'104000100040027','Block-Lager',1200.00,800.00,2500.00,'BLOCK','2019-03-01 00:00:00',NULL),(324,104,1,4,28,'104000100040028','Block-Lager',1200.00,800.00,2500.00,'BLOCK','2019-03-01 00:00:00',NULL),(325,104,1,4,29,'104000100040029','Block-Lager',1200.00,800.00,2500.00,'BLOCK','2019-03-01 00:00:00',NULL),(326,104,1,4,30,'104000100040030','Block-Lager',1200.00,800.00,2500.00,'BLOCK','2019-03-01 00:00:00',NULL),(327,104,1,4,31,'104000100040031','Block-Lager',1200.00,800.00,2500.00,'BLOCK','2019-03-01 00:00:00',NULL),(328,104,1,4,32,'104000100040032','Block-Lager',1200.00,800.00,2500.00,'BLOCK','2019-03-01 00:00:00',NULL),(329,104,1,4,33,'104000100040033','Block-Lager',1200.00,800.00,2500.00,'BLOCK','2019-03-01 00:00:00',NULL),(330,104,1,4,34,'104000100040034','Block-Lager',1200.00,800.00,2500.00,'BLOCK','2019-03-01 00:00:00',NULL),(331,104,1,4,35,'104000100040035','Block-Lager',1200.00,800.00,2500.00,'BLOCK','2019-03-01 00:00:00',NULL),(332,104,1,4,36,'104000100040036','Block-Lager',1200.00,800.00,2500.00,'BLOCK','2019-03-01 00:00:00',NULL),(333,104,1,4,37,'104000100040037','Block-Lager',1200.00,800.00,2500.00,'BLOCK','2019-03-01 00:00:00',NULL),(334,104,1,4,38,'104000100040038','Block-Lager',1200.00,800.00,2500.00,'BLOCK','2019-03-01 00:00:00',NULL),(335,104,1,4,39,'104000100040039','Block-Lager',1200.00,800.00,2500.00,'BLOCK','2019-03-01 00:00:00',NULL),(336,104,1,4,40,'104000100040040','Block-Lager',1200.00,800.00,2500.00,'BLOCK','2019-03-01 00:00:00',NULL),(337,104,1,4,41,'104000100040041','Block-Lager',1200.00,800.00,2500.00,'BLOCK','2019-03-01 00:00:00',NULL),(338,104,1,4,42,'104000100040042','Block-Lager',1200.00,800.00,2500.00,'BLOCK','2019-03-01 00:00:00',NULL),(339,104,1,4,43,'104000100040043','Block-Lager',1200.00,800.00,2500.00,'BLOCK','2019-03-01 00:00:00',NULL),(340,104,1,4,44,'104000100040044','Block-Lager',1200.00,800.00,2500.00,'BLOCK','2019-03-01 00:00:00',NULL),(341,104,1,4,45,'104000100040045','Block-Lager',1200.00,800.00,2500.00,'BLOCK','2019-03-01 00:00:00',NULL),(342,104,1,4,46,'104000100040046','Block-Lager',1200.00,800.00,2500.00,'BLOCK','2019-03-01 00:00:00',NULL),(343,104,1,4,47,'104000100040047','Block-Lager',1200.00,800.00,2500.00,'BLOCK','2019-03-01 00:00:00',NULL),(344,104,1,4,48,'104000100040048','Block-Lager',1200.00,800.00,2500.00,'BLOCK','2019-03-01 00:00:00',NULL),(345,104,1,4,49,'104000100040049','Block-Lager',1200.00,800.00,2500.00,'BLOCK','2019-03-01 00:00:00',NULL),(346,104,1,4,50,'104000100040050','Block-Lager',1200.00,800.00,2500.00,'BLOCK','2019-03-01 00:00:00',NULL),(347,104,1,4,51,'104000100040051','Block-Lager',1200.00,800.00,2500.00,'BLOCK','2019-03-01 00:00:00',NULL),(348,104,1,4,52,'104000100040052','Block-Lager',1200.00,800.00,2500.00,'BLOCK','2019-03-01 00:00:00',NULL),(349,104,1,5,1,'104000100050001','Block-Lager',1200.00,800.00,2500.00,'BLOCK','2019-03-01 00:00:00',NULL),(350,104,1,5,2,'104000100050002','Block-Lager',1200.00,800.00,2500.00,'BLOCK','2019-03-01 00:00:00',NULL),(351,104,1,5,3,'104000100050003','Block-Lager',1200.00,800.00,2500.00,'BLOCK','2019-03-01 00:00:00',NULL),(352,104,1,5,4,'104000100050004','Block-Lager',1200.00,800.00,2500.00,'BLOCK','2019-03-01 00:00:00',NULL),(353,104,1,5,5,'104000100050005','Block-Lager',1200.00,800.00,2500.00,'BLOCK','2019-03-01 00:00:00',NULL),(354,104,1,5,6,'104000100050006','Block-Lager',1200.00,800.00,2500.00,'BLOCK','2019-03-01 00:00:00',NULL),(355,104,1,5,7,'104000100050007','Block-Lager',1200.00,800.00,2500.00,'BLOCK','2019-03-01 00:00:00',NULL),(356,104,1,5,8,'104000100050008','Block-Lager',1200.00,800.00,2500.00,'BLOCK','2019-03-01 00:00:00',NULL),(357,104,1,5,9,'104000100050009','Block-Lager',1200.00,800.00,2500.00,'BLOCK','2019-03-01 00:00:00',NULL),(358,104,1,5,10,'104000100050010','Block-Lager',1200.00,800.00,2500.00,'BLOCK','2019-03-01 00:00:00',NULL),(359,104,1,5,11,'104000100050011','Block-Lager',1200.00,800.00,2500.00,'BLOCK','2019-03-01 00:00:00',NULL),(360,104,1,5,12,'104000100050012','Block-Lager',1200.00,800.00,2500.00,'BLOCK','2019-03-01 00:00:00',NULL),(361,104,1,5,13,'104000100050013','Block-Lager',1200.00,800.00,2500.00,'BLOCK','2019-03-01 00:00:00',NULL),(362,104,1,5,14,'104000100050014','Block-Lager',1200.00,800.00,2500.00,'BLOCK','2019-03-01 00:00:00',NULL),(363,104,1,5,15,'104000100050015','Block-Lager',1200.00,800.00,2500.00,'BLOCK','2019-03-01 00:00:00',NULL),(364,104,1,5,16,'104000100050016','Block-Lager',1200.00,800.00,2500.00,'BLOCK','2019-03-01 00:00:00',NULL),(365,104,1,5,17,'104000100050017','Block-Lager',1200.00,800.00,2500.00,'BLOCK','2019-03-01 00:00:00',NULL),(366,104,1,5,18,'104000100050018','Block-Lager',1200.00,800.00,2500.00,'BLOCK','2019-03-01 00:00:00',NULL),(367,104,1,5,19,'104000100050019','Block-Lager',1200.00,800.00,2500.00,'BLOCK','2019-03-01 00:00:00',NULL),(368,104,1,5,20,'104000100050020','Block-Lager',1200.00,800.00,2500.00,'BLOCK','2019-03-01 00:00:00',NULL),(369,104,1,5,21,'104000100050021','Block-Lager',1200.00,800.00,2500.00,'BLOCK','2019-03-01 00:00:00',NULL),(370,104,1,5,22,'104000100050022','Block-Lager',1200.00,800.00,2500.00,'BLOCK','2019-03-01 00:00:00',NULL),(371,104,1,5,23,'104000100050023','Block-Lager',1200.00,800.00,2500.00,'BLOCK','2019-03-01 00:00:00',NULL),(372,104,1,5,24,'104000100050024','Block-Lager',1200.00,800.00,2500.00,'BLOCK','2019-03-01 00:00:00',NULL),(373,104,1,5,25,'104000100050025','Block-Lager',1200.00,800.00,2500.00,'BLOCK','2019-03-01 00:00:00',NULL),(374,104,1,5,26,'104000100050026','Block-Lager',1200.00,800.00,2500.00,'BLOCK','2019-03-01 00:00:00',NULL),(375,104,1,5,27,'104000100050027','Block-Lager',1200.00,800.00,2500.00,'BLOCK','2019-03-01 00:00:00',NULL),(376,104,1,5,28,'104000100050028','Block-Lager',1200.00,800.00,2500.00,'BLOCK','2019-03-01 00:00:00',NULL),(377,104,1,5,29,'104000100050029','Block-Lager',1200.00,800.00,2500.00,'BLOCK','2019-03-01 00:00:00',NULL),(378,104,1,5,30,'104000100050030','Block-Lager',1200.00,800.00,2500.00,'BLOCK','2019-03-01 00:00:00',NULL),(379,104,1,5,31,'104000100050031','Block-Lager',1200.00,800.00,2500.00,'BLOCK','2019-03-01 00:00:00',NULL),(380,104,1,5,32,'104000100050032','Block-Lager',1200.00,800.00,2500.00,'BLOCK','2019-03-01 00:00:00',NULL),(381,104,1,5,33,'104000100050033','Block-Lager',1200.00,800.00,2500.00,'BLOCK','2019-03-01 00:00:00',NULL),(382,104,1,5,34,'104000100050034','Block-Lager',1200.00,800.00,2500.00,'BLOCK','2019-03-01 00:00:00',NULL),(383,104,1,5,35,'104000100050035','Block-Lager',1200.00,800.00,2500.00,'BLOCK','2019-03-01 00:00:00',NULL),(384,104,1,5,36,'104000100050036','Block-Lager',1200.00,800.00,2500.00,'BLOCK','2019-03-01 00:00:00',NULL),(385,104,1,5,37,'104000100050037','Block-Lager',1200.00,800.00,2500.00,'BLOCK','2019-03-01 00:00:00',NULL),(386,104,1,5,38,'104000100050038','Block-Lager',1200.00,800.00,2500.00,'BLOCK','2019-03-01 00:00:00',NULL),(387,104,1,5,39,'104000100050039','Block-Lager',1200.00,800.00,2500.00,'BLOCK','2019-03-01 00:00:00',NULL),(388,104,1,5,40,'104000100050040','Block-Lager',1200.00,800.00,2500.00,'BLOCK','2019-03-01 00:00:00',NULL),(389,104,1,5,41,'104000100050041','Block-Lager',1200.00,800.00,2500.00,'BLOCK','2019-03-01 00:00:00',NULL),(390,104,1,5,42,'104000100050042','Block-Lager',1200.00,800.00,2500.00,'BLOCK','2019-03-01 00:00:00',NULL),(391,104,1,5,43,'104000100050043','Block-Lager',1200.00,800.00,2500.00,'BLOCK','2019-03-01 00:00:00',NULL),(392,104,1,5,44,'104000100050044','Block-Lager',1200.00,800.00,2500.00,'BLOCK','2019-03-01 00:00:00',NULL),(393,104,1,5,45,'104000100050045','Block-Lager',1200.00,800.00,2500.00,'BLOCK','2019-03-01 00:00:00',NULL),(394,104,1,5,46,'104000100050046','Block-Lager',1200.00,800.00,2500.00,'BLOCK','2019-03-01 00:00:00',NULL),(395,104,1,5,47,'104000100050047','Block-Lager',1200.00,800.00,2500.00,'BLOCK','2019-03-01 00:00:00',NULL),(396,104,1,5,48,'104000100050048','Block-Lager',1200.00,800.00,2500.00,'BLOCK','2019-03-01 00:00:00',NULL),(397,104,1,5,49,'104000100050049','Block-Lager',1200.00,800.00,2500.00,'BLOCK','2019-03-01 00:00:00',NULL),(398,104,1,5,50,'104000100050050','Block-Lager',1200.00,800.00,2500.00,'BLOCK','2019-03-01 00:00:00',NULL),(399,104,1,5,51,'104000100050051','Block-Lager',1200.00,800.00,2500.00,'BLOCK','2019-03-01 00:00:00',NULL),(400,104,1,5,52,'104000100050052','Block-Lager',1200.00,800.00,2500.00,'BLOCK','2019-03-01 00:00:00',NULL),(401,104,1,6,1,'104000100060001','Block-Lager',1200.00,800.00,2500.00,'BLOCK','2019-03-01 00:00:00',NULL),(402,104,1,6,2,'104000100060002','Block-Lager',1200.00,800.00,2500.00,'BLOCK','2019-03-01 00:00:00',NULL),(403,104,1,6,3,'104000100060003','Block-Lager',1200.00,800.00,2500.00,'BLOCK','2019-03-01 00:00:00',NULL),(404,104,1,6,4,'104000100060004','Block-Lager',1200.00,800.00,2500.00,'BLOCK','2019-03-01 00:00:00',NULL),(405,104,1,6,5,'104000100060005','Block-Lager',1200.00,800.00,2500.00,'BLOCK','2019-03-01 00:00:00',NULL),(406,104,1,6,6,'104000100060006','Block-Lager',1200.00,800.00,2500.00,'BLOCK','2019-03-01 00:00:00',NULL),(407,104,1,6,7,'104000100060007','Block-Lager',1200.00,800.00,2500.00,'BLOCK','2019-03-01 00:00:00',NULL),(408,104,1,6,8,'104000100060008','Block-Lager',1200.00,800.00,2500.00,'BLOCK','2019-03-01 00:00:00',NULL),(409,104,1,6,9,'104000100060009','Block-Lager',1200.00,800.00,2500.00,'BLOCK','2019-03-01 00:00:00',NULL),(410,104,1,6,10,'104000100060010','Block-Lager',1200.00,800.00,2500.00,'BLOCK','2019-03-01 00:00:00',NULL),(411,104,1,6,11,'104000100060011','Block-Lager',1200.00,800.00,2500.00,'BLOCK','2019-03-01 00:00:00',NULL),(412,104,1,6,12,'104000100060012','Block-Lager',1200.00,800.00,2500.00,'BLOCK','2019-03-01 00:00:00',NULL),(413,104,1,6,13,'104000100060013','Block-Lager',1200.00,800.00,2500.00,'BLOCK','2019-03-01 00:00:00',NULL),(414,104,1,6,14,'104000100060014','Block-Lager',1200.00,800.00,2500.00,'BLOCK','2019-03-01 00:00:00',NULL),(415,104,1,6,15,'104000100060015','Block-Lager',1200.00,800.00,2500.00,'BLOCK','2019-03-01 00:00:00',NULL),(416,104,1,6,16,'104000100060016','Block-Lager',1200.00,800.00,2500.00,'BLOCK','2019-03-01 00:00:00',NULL),(417,104,1,6,17,'104000100060017','Block-Lager',1200.00,800.00,2500.00,'BLOCK','2019-03-01 00:00:00',NULL),(418,104,1,6,18,'104000100060018','Block-Lager',1200.00,800.00,2500.00,'BLOCK','2019-03-01 00:00:00',NULL),(419,104,1,6,19,'104000100060019','Block-Lager',1200.00,800.00,2500.00,'BLOCK','2019-03-01 00:00:00',NULL),(420,104,1,6,20,'104000100060020','Block-Lager',1200.00,800.00,2500.00,'BLOCK','2019-03-01 00:00:00',NULL),(421,104,1,6,21,'104000100060021','Block-Lager',1200.00,800.00,2500.00,'BLOCK','2019-03-01 00:00:00',NULL),(422,104,1,6,22,'104000100060022','Block-Lager',1200.00,800.00,2500.00,'BLOCK','2019-03-01 00:00:00',NULL),(423,104,1,6,23,'104000100060023','Block-Lager',1200.00,800.00,2500.00,'BLOCK','2019-03-01 00:00:00',NULL),(424,104,1,6,24,'104000100060024','Block-Lager',1200.00,800.00,2500.00,'BLOCK','2019-03-01 00:00:00',NULL),(425,104,1,6,25,'104000100060025','Block-Lager',1200.00,800.00,2500.00,'BLOCK','2019-03-01 00:00:00',NULL),(426,104,1,6,26,'104000100060026','Block-Lager',1200.00,800.00,2500.00,'BLOCK','2019-03-01 00:00:00',NULL),(427,104,1,6,27,'104000100060027','Block-Lager',1200.00,800.00,2500.00,'BLOCK','2019-03-01 00:00:00',NULL),(428,104,1,6,28,'104000100060028','Block-Lager',1200.00,800.00,2500.00,'BLOCK','2019-03-01 00:00:00',NULL),(429,104,1,6,29,'104000100060029','Block-Lager',1200.00,800.00,2500.00,'BLOCK','2019-03-01 00:00:00',NULL),(430,104,1,6,30,'104000100060030','Block-Lager',1200.00,800.00,2500.00,'BLOCK','2019-03-01 00:00:00',NULL),(431,104,1,6,31,'104000100060031','Block-Lager',1200.00,800.00,2500.00,'BLOCK','2019-03-01 00:00:00',NULL),(432,104,1,6,32,'104000100060032','Block-Lager',1200.00,800.00,2500.00,'BLOCK','2019-03-01 00:00:00',NULL),(433,104,1,6,33,'104000100060033','Block-Lager',1200.00,800.00,2500.00,'BLOCK','2019-03-01 00:00:00',NULL),(434,104,1,6,34,'104000100060034','Block-Lager',1200.00,800.00,2500.00,'BLOCK','2019-03-01 00:00:00',NULL),(435,104,1,6,35,'104000100060035','Block-Lager',1200.00,800.00,2500.00,'BLOCK','2019-03-01 00:00:00',NULL),(436,104,1,6,36,'104000100060036','Block-Lager',1200.00,800.00,2500.00,'BLOCK','2019-03-01 00:00:00',NULL),(437,104,1,6,37,'104000100060037','Block-Lager',1200.00,800.00,2500.00,'BLOCK','2019-03-01 00:00:00',NULL),(438,104,1,6,38,'104000100060038','Block-Lager',1200.00,800.00,2500.00,'BLOCK','2019-03-01 00:00:00',NULL),(439,104,1,6,39,'104000100060039','Block-Lager',1200.00,800.00,2500.00,'BLOCK','2019-03-01 00:00:00',NULL),(440,104,1,6,40,'104000100060040','Block-Lager',1200.00,800.00,2500.00,'BLOCK','2019-03-01 00:00:00',NULL),(441,104,1,6,41,'104000100060041','Block-Lager',1200.00,800.00,2500.00,'BLOCK','2019-03-01 00:00:00',NULL),(442,104,1,6,42,'104000100060042','Block-Lager',1200.00,800.00,2500.00,'BLOCK','2019-03-01 00:00:00',NULL),(443,104,1,6,43,'104000100060043','Block-Lager',1200.00,800.00,2500.00,'BLOCK','2019-03-01 00:00:00',NULL),(444,104,1,6,44,'104000100060044','Block-Lager',1200.00,800.00,2500.00,'BLOCK','2019-03-01 00:00:00',NULL),(445,104,1,6,45,'104000100060045','Block-Lager',1200.00,800.00,2500.00,'BLOCK','2019-03-01 00:00:00',NULL),(446,104,1,6,46,'104000100060046','Block-Lager',1200.00,800.00,2500.00,'BLOCK','2019-03-01 00:00:00',NULL),(447,104,1,6,47,'104000100060047','Block-Lager',1200.00,800.00,2500.00,'BLOCK','2019-03-01 00:00:00',NULL),(448,104,1,6,48,'104000100060048','Block-Lager',1200.00,800.00,2500.00,'BLOCK','2019-03-01 00:00:00',NULL),(449,104,1,6,49,'104000100060049','Block-Lager',1200.00,800.00,2500.00,'BLOCK','2019-03-01 00:00:00',NULL),(450,104,1,6,50,'104000100060050','Block-Lager',1200.00,800.00,2500.00,'BLOCK','2019-03-01 00:00:00',NULL),(451,104,1,6,51,'104000100060051','Block-Lager',1200.00,800.00,2500.00,'BLOCK','2019-03-01 00:00:00',NULL),(452,104,1,6,52,'104000100060052','Block-Lager',1200.00,800.00,2500.00,'BLOCK','2019-03-01 00:00:00',NULL),(453,104,1,7,1,'104000100070001','Block-Lager',1200.00,800.00,2500.00,'BLOCK','2019-03-01 00:00:00',NULL),(454,104,1,7,2,'104000100070002','Block-Lager',1200.00,800.00,2500.00,'BLOCK','2019-03-01 00:00:00',NULL),(455,104,1,7,3,'104000100070003','Block-Lager',1200.00,800.00,2500.00,'BLOCK','2019-03-01 00:00:00',NULL),(456,104,1,7,4,'104000100070004','Block-Lager',1200.00,800.00,2500.00,'BLOCK','2019-03-01 00:00:00',NULL),(457,104,1,7,5,'104000100070005','Block-Lager',1200.00,800.00,2500.00,'BLOCK','2019-03-01 00:00:00',NULL),(458,104,1,7,6,'104000100070006','Block-Lager',1200.00,800.00,2500.00,'BLOCK','2019-03-01 00:00:00',NULL),(459,104,1,7,7,'104000100070007','Block-Lager',1200.00,800.00,2500.00,'BLOCK','2019-03-01 00:00:00',NULL),(460,104,1,7,8,'104000100070008','Block-Lager',1200.00,800.00,2500.00,'BLOCK','2019-03-01 00:00:00',NULL),(461,104,1,7,9,'104000100070009','Block-Lager',1200.00,800.00,2500.00,'BLOCK','2019-03-01 00:00:00',NULL),(462,104,1,7,10,'104000100070010','Block-Lager',1200.00,800.00,2500.00,'BLOCK','2019-03-01 00:00:00',NULL),(463,104,1,7,11,'104000100070011','Block-Lager',1200.00,800.00,2500.00,'BLOCK','2019-03-01 00:00:00',NULL),(464,104,1,7,12,'104000100070012','Block-Lager',1200.00,800.00,2500.00,'BLOCK','2019-03-01 00:00:00',NULL),(465,104,1,7,13,'104000100070013','Block-Lager',1200.00,800.00,2500.00,'BLOCK','2019-03-01 00:00:00',NULL),(466,104,1,7,14,'104000100070014','Block-Lager',1200.00,800.00,2500.00,'BLOCK','2019-03-01 00:00:00',NULL),(467,104,1,7,15,'104000100070015','Block-Lager',1200.00,800.00,2500.00,'BLOCK','2019-03-01 00:00:00',NULL),(468,104,1,7,16,'104000100070016','Block-Lager',1200.00,800.00,2500.00,'BLOCK','2019-03-01 00:00:00',NULL),(469,104,1,7,17,'104000100070017','Block-Lager',1200.00,800.00,2500.00,'BLOCK','2019-03-01 00:00:00',NULL),(470,104,1,7,18,'104000100070018','Block-Lager',1200.00,800.00,2500.00,'BLOCK','2019-03-01 00:00:00',NULL),(471,104,1,7,19,'104000100070019','Block-Lager',1200.00,800.00,2500.00,'BLOCK','2019-03-01 00:00:00',NULL),(472,104,1,7,20,'104000100070020','Block-Lager',1200.00,800.00,2500.00,'BLOCK','2019-03-01 00:00:00',NULL),(473,104,1,7,21,'104000100070021','Block-Lager',1200.00,800.00,2500.00,'BLOCK','2019-03-01 00:00:00',NULL),(474,104,1,7,22,'104000100070022','Block-Lager',1200.00,800.00,2500.00,'BLOCK','2019-03-01 00:00:00',NULL),(475,104,1,7,23,'104000100070023','Block-Lager',1200.00,800.00,2500.00,'BLOCK','2019-03-01 00:00:00',NULL),(476,104,1,7,24,'104000100070024','Block-Lager',1200.00,800.00,2500.00,'BLOCK','2019-03-01 00:00:00',NULL),(477,104,1,7,25,'104000100070025','Block-Lager',1200.00,800.00,2500.00,'BLOCK','2019-03-01 00:00:00',NULL),(478,104,1,7,26,'104000100070026','Block-Lager',1200.00,800.00,2500.00,'BLOCK','2019-03-01 00:00:00',NULL),(479,104,1,7,27,'104000100070027','Block-Lager',1200.00,800.00,2500.00,'BLOCK','2019-03-01 00:00:00',NULL),(480,104,1,7,28,'104000100070028','Block-Lager',1200.00,800.00,2500.00,'BLOCK','2019-03-01 00:00:00',NULL),(481,104,1,7,29,'104000100070029','Block-Lager',1200.00,800.00,2500.00,'BLOCK','2019-03-01 00:00:00',NULL),(482,104,1,7,30,'104000100070030','Block-Lager',1200.00,800.00,2500.00,'BLOCK','2019-03-01 00:00:00',NULL),(483,104,1,7,31,'104000100070031','Block-Lager',1200.00,800.00,2500.00,'BLOCK','2019-03-01 00:00:00',NULL),(484,104,1,7,32,'104000100070032','Block-Lager',1200.00,800.00,2500.00,'BLOCK','2019-03-01 00:00:00',NULL),(485,104,1,7,33,'104000100070033','Block-Lager',1200.00,800.00,2500.00,'BLOCK','2019-03-01 00:00:00',NULL),(486,104,1,7,34,'104000100070034','Block-Lager',1200.00,800.00,2500.00,'BLOCK','2019-03-01 00:00:00',NULL),(487,104,1,7,35,'104000100070035','Block-Lager',1200.00,800.00,2500.00,'BLOCK','2019-03-01 00:00:00',NULL),(488,104,1,7,36,'104000100070036','Block-Lager',1200.00,800.00,2500.00,'BLOCK','2019-03-01 00:00:00',NULL),(489,104,1,7,37,'104000100070037','Block-Lager',1200.00,800.00,2500.00,'BLOCK','2019-03-01 00:00:00',NULL),(490,104,1,7,38,'104000100070038','Block-Lager',1200.00,800.00,2500.00,'BLOCK','2019-03-01 00:00:00',NULL),(491,104,1,7,39,'104000100070039','Block-Lager',1200.00,800.00,2500.00,'BLOCK','2019-03-01 00:00:00',NULL),(492,104,1,7,40,'104000100070040','Block-Lager',1200.00,800.00,2500.00,'BLOCK','2019-03-01 00:00:00',NULL),(493,104,1,7,41,'104000100070041','Block-Lager',1200.00,800.00,2500.00,'BLOCK','2019-03-01 00:00:00',NULL),(494,104,1,7,42,'104000100070042','Block-Lager',1200.00,800.00,2500.00,'BLOCK','2019-03-01 00:00:00',NULL),(495,104,1,7,43,'104000100070043','Block-Lager',1200.00,800.00,2500.00,'BLOCK','2019-03-01 00:00:00',NULL),(496,104,1,7,44,'104000100070044','Block-Lager',1200.00,800.00,2500.00,'BLOCK','2019-03-01 00:00:00',NULL),(497,104,1,7,45,'104000100070045','Block-Lager',1200.00,800.00,2500.00,'BLOCK','2019-03-01 00:00:00',NULL),(498,104,1,7,46,'104000100070046','Block-Lager',1200.00,800.00,2500.00,'BLOCK','2019-03-01 00:00:00',NULL),(499,104,1,7,47,'104000100070047','Block-Lager',1200.00,800.00,2500.00,'BLOCK','2019-03-01 00:00:00',NULL),(500,104,1,7,48,'104000100070048','Block-Lager',1200.00,800.00,2500.00,'BLOCK','2019-03-01 00:00:00',NULL),(501,104,1,7,49,'104000100070049','Block-Lager',1200.00,800.00,2500.00,'BLOCK','2019-03-01 00:00:00',NULL),(502,104,1,7,50,'104000100070050','Block-Lager',1200.00,800.00,2500.00,'BLOCK','2019-03-01 00:00:00',NULL),(503,104,1,7,51,'104000100070051','Block-Lager',1200.00,800.00,2500.00,'BLOCK','2019-03-01 00:00:00',NULL),(504,104,1,7,52,'104000100070052','Block-Lager',1200.00,800.00,2500.00,'BLOCK','2019-03-01 00:00:00',NULL),(505,104,1,8,1,'104000100080001','Block-Lager',1200.00,800.00,2500.00,'BLOCK','2019-03-01 00:00:00',NULL),(506,104,1,8,2,'104000100080002','Block-Lager',1200.00,800.00,2500.00,'BLOCK','2019-03-01 00:00:00',NULL),(507,104,1,8,3,'104000100080003','Block-Lager',1200.00,800.00,2500.00,'BLOCK','2019-03-01 00:00:00',NULL),(508,104,1,8,4,'104000100080004','Block-Lager',1200.00,800.00,2500.00,'BLOCK','2019-03-01 00:00:00',NULL),(509,104,1,8,5,'104000100080005','Block-Lager',1200.00,800.00,2500.00,'BLOCK','2019-03-01 00:00:00',NULL),(510,104,1,8,6,'104000100080006','Block-Lager',1200.00,800.00,2500.00,'BLOCK','2019-03-01 00:00:00',NULL),(511,104,1,8,7,'104000100080007','Block-Lager',1200.00,800.00,2500.00,'BLOCK','2019-03-01 00:00:00',NULL),(512,104,1,8,8,'104000100080008','Block-Lager',1200.00,800.00,2500.00,'BLOCK','2019-03-01 00:00:00',NULL),(513,104,1,8,9,'104000100080009','Block-Lager',1200.00,800.00,2500.00,'BLOCK','2019-03-01 00:00:00',NULL),(514,104,1,8,10,'104000100080010','Block-Lager',1200.00,800.00,2500.00,'BLOCK','2019-03-01 00:00:00',NULL),(515,104,1,8,11,'104000100080011','Block-Lager',1200.00,800.00,2500.00,'BLOCK','2019-03-01 00:00:00',NULL),(516,104,1,8,12,'104000100080012','Block-Lager',1200.00,800.00,2500.00,'BLOCK','2019-03-01 00:00:00',NULL),(517,104,1,8,13,'104000100080013','Block-Lager',1200.00,800.00,2500.00,'BLOCK','2019-03-01 00:00:00',NULL),(518,104,1,8,14,'104000100080014','Block-Lager',1200.00,800.00,2500.00,'BLOCK','2019-03-01 00:00:00',NULL),(519,104,1,8,15,'104000100080015','Block-Lager',1200.00,800.00,2500.00,'BLOCK','2019-03-01 00:00:00',NULL),(520,104,1,8,16,'104000100080016','Block-Lager',1200.00,800.00,2500.00,'BLOCK','2019-03-01 00:00:00',NULL),(521,104,1,8,17,'104000100080017','Block-Lager',1200.00,800.00,2500.00,'BLOCK','2019-03-01 00:00:00',NULL),(522,104,1,8,18,'104000100080018','Block-Lager',1200.00,800.00,2500.00,'BLOCK','2019-03-01 00:00:00',NULL),(523,104,1,8,19,'104000100080019','Block-Lager',1200.00,800.00,2500.00,'BLOCK','2019-03-01 00:00:00',NULL),(524,104,1,8,20,'104000100080020','Block-Lager',1200.00,800.00,2500.00,'BLOCK','2019-03-01 00:00:00',NULL),(525,104,1,8,21,'104000100080021','Block-Lager',1200.00,800.00,2500.00,'BLOCK','2019-03-01 00:00:00',NULL),(526,104,1,8,22,'104000100080022','Block-Lager',1200.00,800.00,2500.00,'BLOCK','2019-03-01 00:00:00',NULL),(527,104,1,8,23,'104000100080023','Block-Lager',1200.00,800.00,2500.00,'BLOCK','2019-03-01 00:00:00',NULL),(528,104,1,8,24,'104000100080024','Block-Lager',1200.00,800.00,2500.00,'BLOCK','2019-03-01 00:00:00',NULL),(529,104,1,8,25,'104000100080025','Block-Lager',1200.00,800.00,2500.00,'BLOCK','2019-03-01 00:00:00',NULL),(530,104,1,8,26,'104000100080026','Block-Lager',1200.00,800.00,2500.00,'BLOCK','2019-03-01 00:00:00',NULL),(531,104,1,8,27,'104000100080027','Block-Lager',1200.00,800.00,2500.00,'BLOCK','2019-03-01 00:00:00',NULL),(532,104,1,8,28,'104000100080028','Block-Lager',1200.00,800.00,2500.00,'BLOCK','2019-03-01 00:00:00',NULL),(533,104,1,8,29,'104000100080029','Block-Lager',1200.00,800.00,2500.00,'BLOCK','2019-03-01 00:00:00',NULL),(534,104,1,8,30,'104000100080030','Block-Lager',1200.00,800.00,2500.00,'BLOCK','2019-03-01 00:00:00',NULL),(535,104,1,8,31,'104000100080031','Block-Lager',1200.00,800.00,2500.00,'BLOCK','2019-03-01 00:00:00',NULL),(536,104,1,8,32,'104000100080032','Block-Lager',1200.00,800.00,2500.00,'BLOCK','2019-03-01 00:00:00',NULL),(537,104,1,8,33,'104000100080033','Block-Lager',1200.00,800.00,2500.00,'BLOCK','2019-03-01 00:00:00',NULL),(538,104,1,8,34,'104000100080034','Block-Lager',1200.00,800.00,2500.00,'BLOCK','2019-03-01 00:00:00',NULL),(539,104,1,8,35,'104000100080035','Block-Lager',1200.00,800.00,2500.00,'BLOCK','2019-03-01 00:00:00',NULL),(540,104,1,8,36,'104000100080036','Block-Lager',1200.00,800.00,2500.00,'BLOCK','2019-03-01 00:00:00',NULL),(541,104,1,8,37,'104000100080037','Block-Lager',1200.00,800.00,2500.00,'BLOCK','2019-03-01 00:00:00',NULL),(542,104,1,8,38,'104000100080038','Block-Lager',1200.00,800.00,2500.00,'BLOCK','2019-03-01 00:00:00',NULL),(543,104,1,8,39,'104000100080039','Block-Lager',1200.00,800.00,2500.00,'BLOCK','2019-03-01 00:00:00',NULL),(544,104,1,8,40,'104000100080040','Block-Lager',1200.00,800.00,2500.00,'BLOCK','2019-03-01 00:00:00',NULL),(545,104,1,8,41,'104000100080041','Block-Lager',1200.00,800.00,2500.00,'BLOCK','2019-03-01 00:00:00',NULL),(546,104,1,8,42,'104000100080042','Block-Lager',1200.00,800.00,2500.00,'BLOCK','2019-03-01 00:00:00',NULL),(547,104,1,8,43,'104000100080043','Block-Lager',1200.00,800.00,2500.00,'BLOCK','2019-03-01 00:00:00',NULL),(548,104,1,8,44,'104000100080044','Block-Lager',1200.00,800.00,2500.00,'BLOCK','2019-03-01 00:00:00',NULL),(549,104,1,8,45,'104000100080045','Block-Lager',1200.00,800.00,2500.00,'BLOCK','2019-03-01 00:00:00',NULL),(550,104,1,8,46,'104000100080046','Block-Lager',1200.00,800.00,2500.00,'BLOCK','2019-03-01 00:00:00',NULL),(551,104,1,8,47,'104000100080047','Block-Lager',1200.00,800.00,2500.00,'BLOCK','2019-03-01 00:00:00',NULL),(552,104,1,8,48,'104000100080048','Block-Lager',1200.00,800.00,2500.00,'BLOCK','2019-03-01 00:00:00',NULL),(553,104,1,8,49,'104000100080049','Block-Lager',1200.00,800.00,2500.00,'BLOCK','2019-03-01 00:00:00',NULL),(554,104,1,8,50,'104000100080050','Block-Lager',1200.00,800.00,2500.00,'BLOCK','2019-03-01 00:00:00',NULL),(555,104,1,8,51,'104000100080051','Block-Lager',1200.00,800.00,2500.00,'BLOCK','2019-03-01 00:00:00',NULL),(556,104,1,8,52,'104000100080052','Block-Lager',1200.00,800.00,2500.00,'BLOCK','2019-03-01 00:00:00',NULL),(557,104,1,9,1,'104000100090001','Block-Lager',1200.00,800.00,2500.00,'BLOCK','2019-03-01 00:00:00',NULL),(558,104,1,9,2,'104000100090002','Block-Lager',1200.00,800.00,2500.00,'BLOCK','2019-03-01 00:00:00',NULL),(559,104,1,9,3,'104000100090003','Block-Lager',1200.00,800.00,2500.00,'BLOCK','2019-03-01 00:00:00',NULL),(560,104,1,9,4,'104000100090004','Block-Lager',1200.00,800.00,2500.00,'BLOCK','2019-03-01 00:00:00',NULL),(561,104,1,9,5,'104000100090005','Block-Lager',1200.00,800.00,2500.00,'BLOCK','2019-03-01 00:00:00',NULL),(562,104,1,9,6,'104000100090006','Block-Lager',1200.00,800.00,2500.00,'BLOCK','2019-03-01 00:00:00',NULL),(563,104,1,9,7,'104000100090007','Block-Lager',1200.00,800.00,2500.00,'BLOCK','2019-03-01 00:00:00',NULL),(564,104,1,9,8,'104000100090008','Block-Lager',1200.00,800.00,2500.00,'BLOCK','2019-03-01 00:00:00',NULL),(565,104,1,9,9,'104000100090009','Block-Lager',1200.00,800.00,2500.00,'BLOCK','2019-03-01 00:00:00',NULL),(566,104,1,9,10,'104000100090010','Block-Lager',1200.00,800.00,2500.00,'BLOCK','2019-03-01 00:00:00',NULL),(567,104,1,9,11,'104000100090011','Block-Lager',1200.00,800.00,2500.00,'BLOCK','2019-03-01 00:00:00',NULL),(568,104,1,9,12,'104000100090012','Block-Lager',1200.00,800.00,2500.00,'BLOCK','2019-03-01 00:00:00',NULL),(569,104,1,9,13,'104000100090013','Block-Lager',1200.00,800.00,2500.00,'BLOCK','2019-03-01 00:00:00',NULL),(570,104,1,9,14,'104000100090014','Block-Lager',1200.00,800.00,2500.00,'BLOCK','2019-03-01 00:00:00',NULL),(571,104,1,9,15,'104000100090015','Block-Lager',1200.00,800.00,2500.00,'BLOCK','2019-03-01 00:00:00',NULL),(572,104,1,9,16,'104000100090016','Block-Lager',1200.00,800.00,2500.00,'BLOCK','2019-03-01 00:00:00',NULL),(573,104,1,9,17,'104000100090017','Block-Lager',1200.00,800.00,2500.00,'BLOCK','2019-03-01 00:00:00',NULL),(574,104,1,9,18,'104000100090018','Block-Lager',1200.00,800.00,2500.00,'BLOCK','2019-03-01 00:00:00',NULL),(575,104,1,9,19,'104000100090019','Block-Lager',1200.00,800.00,2500.00,'BLOCK','2019-03-01 00:00:00',NULL),(576,104,1,9,20,'104000100090020','Block-Lager',1200.00,800.00,2500.00,'BLOCK','2019-03-01 00:00:00',NULL),(577,104,1,9,21,'104000100090021','Block-Lager',1200.00,800.00,2500.00,'BLOCK','2019-03-01 00:00:00',NULL),(578,104,1,9,22,'104000100090022','Block-Lager',1200.00,800.00,2500.00,'BLOCK','2019-03-01 00:00:00',NULL),(579,104,1,9,23,'104000100090023','Block-Lager',1200.00,800.00,2500.00,'BLOCK','2019-03-01 00:00:00',NULL),(580,104,1,9,24,'104000100090024','Block-Lager',1200.00,800.00,2500.00,'BLOCK','2019-03-01 00:00:00',NULL),(581,104,1,9,25,'104000100090025','Block-Lager',1200.00,800.00,2500.00,'BLOCK','2019-03-01 00:00:00',NULL),(582,104,1,9,26,'104000100090026','Block-Lager',1200.00,800.00,2500.00,'BLOCK','2019-03-01 00:00:00',NULL),(583,104,1,9,27,'104000100090027','Block-Lager',1200.00,800.00,2500.00,'BLOCK','2019-03-01 00:00:00',NULL),(584,104,1,9,28,'104000100090028','Block-Lager',1200.00,800.00,2500.00,'BLOCK','2019-03-01 00:00:00',NULL),(585,104,1,9,29,'104000100090029','Block-Lager',1200.00,800.00,2500.00,'BLOCK','2019-03-01 00:00:00',NULL),(586,104,1,9,30,'104000100090030','Block-Lager',1200.00,800.00,2500.00,'BLOCK','2019-03-01 00:00:00',NULL),(587,104,1,9,31,'104000100090031','Block-Lager',1200.00,800.00,2500.00,'BLOCK','2019-03-01 00:00:00',NULL),(588,104,1,9,32,'104000100090032','Block-Lager',1200.00,800.00,2500.00,'BLOCK','2019-03-01 00:00:00',NULL),(589,104,1,9,33,'104000100090033','Block-Lager',1200.00,800.00,2500.00,'BLOCK','2019-03-01 00:00:00',NULL),(590,104,1,9,34,'104000100090034','Block-Lager',1200.00,800.00,2500.00,'BLOCK','2019-03-01 00:00:00',NULL),(591,104,1,9,35,'104000100090035','Block-Lager',1200.00,800.00,2500.00,'BLOCK','2019-03-01 00:00:00',NULL),(592,104,1,9,36,'104000100090036','Block-Lager',1200.00,800.00,2500.00,'BLOCK','2019-03-01 00:00:00',NULL),(593,104,1,9,37,'104000100090037','Block-Lager',1200.00,800.00,2500.00,'BLOCK','2019-03-01 00:00:00',NULL),(594,104,1,9,38,'104000100090038','Block-Lager',1200.00,800.00,2500.00,'BLOCK','2019-03-01 00:00:00',NULL),(595,104,1,9,39,'104000100090039','Block-Lager',1200.00,800.00,2500.00,'BLOCK','2019-03-01 00:00:00',NULL),(596,104,1,9,40,'104000100090040','Block-Lager',1200.00,800.00,2500.00,'BLOCK','2019-03-01 00:00:00',NULL),(597,104,1,9,41,'104000100090041','Block-Lager',1200.00,800.00,2500.00,'BLOCK','2019-03-01 00:00:00',NULL),(598,104,1,9,42,'104000100090042','Block-Lager',1200.00,800.00,2500.00,'BLOCK','2019-03-01 00:00:00',NULL),(599,104,1,9,43,'104000100090043','Block-Lager',1200.00,800.00,2500.00,'BLOCK','2019-03-01 00:00:00',NULL),(600,104,1,9,44,'104000100090044','Block-Lager',1200.00,800.00,2500.00,'BLOCK','2019-03-01 00:00:00',NULL),(601,104,1,9,45,'104000100090045','Block-Lager',1200.00,800.00,2500.00,'BLOCK','2019-03-01 00:00:00',NULL),(602,104,1,9,46,'104000100090046','Block-Lager',1200.00,800.00,2500.00,'BLOCK','2019-03-01 00:00:00',NULL),(603,104,1,9,47,'104000100090047','Block-Lager',1200.00,800.00,2500.00,'BLOCK','2019-03-01 00:00:00',NULL),(604,104,1,9,48,'104000100090048','Block-Lager',1200.00,800.00,2500.00,'BLOCK','2019-03-01 00:00:00',NULL),(605,104,1,9,49,'104000100090049','Block-Lager',1200.00,800.00,2500.00,'BLOCK','2019-03-01 00:00:00',NULL),(606,104,1,9,50,'104000100090050','Block-Lager',1200.00,800.00,2500.00,'BLOCK','2019-03-01 00:00:00',NULL),(607,104,1,9,51,'104000100090051','Block-Lager',1200.00,800.00,2500.00,'BLOCK','2019-03-01 00:00:00',NULL),(608,104,1,9,52,'104000100090052','Block-Lager',1200.00,800.00,2500.00,'BLOCK','2019-03-01 00:00:00',NULL),(609,104,1,10,1,'104000100100001','Block-Lager',1200.00,800.00,2500.00,'BLOCK','2019-03-01 00:00:00',NULL),(610,104,1,10,2,'104000100100002','Block-Lager',1200.00,800.00,2500.00,'BLOCK','2019-03-01 00:00:00',NULL),(611,104,1,10,3,'104000100100003','Block-Lager',1200.00,800.00,2500.00,'BLOCK','2019-03-01 00:00:00',NULL),(612,104,1,10,4,'104000100100004','Block-Lager',1200.00,800.00,2500.00,'BLOCK','2019-03-01 00:00:00',NULL),(613,104,1,10,5,'104000100100005','Block-Lager',1200.00,800.00,2500.00,'BLOCK','2019-03-01 00:00:00',NULL),(614,104,1,10,6,'104000100100006','Block-Lager',1200.00,800.00,2500.00,'BLOCK','2019-03-01 00:00:00',NULL),(615,104,1,10,7,'104000100100007','Block-Lager',1200.00,800.00,2500.00,'BLOCK','2019-03-01 00:00:00',NULL),(616,104,1,10,8,'104000100100008','Block-Lager',1200.00,800.00,2500.00,'BLOCK','2019-03-01 00:00:00',NULL),(617,104,1,10,9,'104000100100009','Block-Lager',1200.00,800.00,2500.00,'BLOCK','2019-03-01 00:00:00',NULL),(618,104,1,10,10,'104000100100010','Block-Lager',1200.00,800.00,2500.00,'BLOCK','2019-03-01 00:00:00',NULL),(619,104,1,10,11,'104000100100011','Block-Lager',1200.00,800.00,2500.00,'BLOCK','2019-03-01 00:00:00',NULL),(620,104,1,10,12,'104000100100012','Block-Lager',1200.00,800.00,2500.00,'BLOCK','2019-03-01 00:00:00',NULL),(621,104,1,10,13,'104000100100013','Block-Lager',1200.00,800.00,2500.00,'BLOCK','2019-03-01 00:00:00',NULL),(622,104,1,10,14,'104000100100014','Block-Lager',1200.00,800.00,2500.00,'BLOCK','2019-03-01 00:00:00',NULL),(623,104,1,10,15,'104000100100015','Block-Lager',1200.00,800.00,2500.00,'BLOCK','2019-03-01 00:00:00',NULL),(624,104,1,10,16,'104000100100016','Block-Lager',1200.00,800.00,2500.00,'BLOCK','2019-03-01 00:00:00',NULL),(625,104,1,10,17,'104000100100017','Block-Lager',1200.00,800.00,2500.00,'BLOCK','2019-03-01 00:00:00',NULL),(626,104,1,10,18,'104000100100018','Block-Lager',1200.00,800.00,2500.00,'BLOCK','2019-03-01 00:00:00',NULL),(627,104,1,10,19,'104000100100019','Block-Lager',1200.00,800.00,2500.00,'BLOCK','2019-03-01 00:00:00',NULL),(628,104,1,10,20,'104000100100020','Block-Lager',1200.00,800.00,2500.00,'BLOCK','2019-03-01 00:00:00',NULL),(629,104,1,10,21,'104000100100021','Block-Lager',1200.00,800.00,2500.00,'BLOCK','2019-03-01 00:00:00',NULL),(630,104,1,10,22,'104000100100022','Block-Lager',1200.00,800.00,2500.00,'BLOCK','2019-03-01 00:00:00',NULL),(631,104,1,10,23,'104000100100023','Block-Lager',1200.00,800.00,2500.00,'BLOCK','2019-03-01 00:00:00',NULL),(632,104,1,10,24,'104000100100024','Block-Lager',1200.00,800.00,2500.00,'BLOCK','2019-03-01 00:00:00',NULL),(633,104,1,10,25,'104000100100025','Block-Lager',1200.00,800.00,2500.00,'BLOCK','2019-03-01 00:00:00',NULL),(634,104,1,10,26,'104000100100026','Block-Lager',1200.00,800.00,2500.00,'BLOCK','2019-03-01 00:00:00',NULL),(635,104,1,10,27,'104000100100027','Block-Lager',1200.00,800.00,2500.00,'BLOCK','2019-03-01 00:00:00',NULL),(636,104,1,10,28,'104000100100028','Block-Lager',1200.00,800.00,2500.00,'BLOCK','2019-03-01 00:00:00',NULL),(637,104,1,10,29,'104000100100029','Block-Lager',1200.00,800.00,2500.00,'BLOCK','2019-03-01 00:00:00',NULL),(638,104,1,10,30,'104000100100030','Block-Lager',1200.00,800.00,2500.00,'BLOCK','2019-03-01 00:00:00',NULL),(639,104,1,10,31,'104000100100031','Block-Lager',1200.00,800.00,2500.00,'BLOCK','2019-03-01 00:00:00',NULL),(640,104,1,10,32,'104000100100032','Block-Lager',1200.00,800.00,2500.00,'BLOCK','2019-03-01 00:00:00',NULL),(641,104,1,10,33,'104000100100033','Block-Lager',1200.00,800.00,2500.00,'BLOCK','2019-03-01 00:00:00',NULL),(642,104,1,10,34,'104000100100034','Block-Lager',1200.00,800.00,2500.00,'BLOCK','2019-03-01 00:00:00',NULL),(643,104,1,10,35,'104000100100035','Block-Lager',1200.00,800.00,2500.00,'BLOCK','2019-03-01 00:00:00',NULL),(644,104,1,10,36,'104000100100036','Block-Lager',1200.00,800.00,2500.00,'BLOCK','2019-03-01 00:00:00',NULL),(645,104,1,10,37,'104000100100037','Block-Lager',1200.00,800.00,2500.00,'BLOCK','2019-03-01 00:00:00',NULL),(646,104,1,10,38,'104000100100038','Block-Lager',1200.00,800.00,2500.00,'BLOCK','2019-03-01 00:00:00',NULL),(647,104,1,10,39,'104000100100039','Block-Lager',1200.00,800.00,2500.00,'BLOCK','2019-03-01 00:00:00',NULL),(648,104,1,10,40,'104000100100040','Block-Lager',1200.00,800.00,2500.00,'BLOCK','2019-03-01 00:00:00',NULL),(649,104,1,10,41,'104000100100041','Block-Lager',1200.00,800.00,2500.00,'BLOCK','2019-03-01 00:00:00',NULL),(650,104,1,10,42,'104000100100042','Block-Lager',1200.00,800.00,2500.00,'BLOCK','2019-03-01 00:00:00',NULL),(651,104,1,10,43,'104000100100043','Block-Lager',1200.00,800.00,2500.00,'BLOCK','2019-03-01 00:00:00',NULL),(652,104,1,10,44,'104000100100044','Block-Lager',1200.00,800.00,2500.00,'BLOCK','2019-03-01 00:00:00',NULL),(653,104,1,10,45,'104000100100045','Block-Lager',1200.00,800.00,2500.00,'BLOCK','2019-03-01 00:00:00',NULL),(654,104,1,10,46,'104000100100046','Block-Lager',1200.00,800.00,2500.00,'BLOCK','2019-03-01 00:00:00',NULL),(655,104,1,10,47,'104000100100047','Block-Lager',1200.00,800.00,2500.00,'BLOCK','2019-03-01 00:00:00',NULL),(656,104,1,10,48,'104000100100048','Block-Lager',1200.00,800.00,2500.00,'BLOCK','2019-03-01 00:00:00',NULL),(657,104,1,10,49,'104000100100049','Block-Lager',1200.00,800.00,2500.00,'BLOCK','2019-03-01 00:00:00',NULL),(658,104,1,10,50,'104000100100050','Block-Lager',1200.00,800.00,2500.00,'BLOCK','2019-03-01 00:00:00',NULL),(659,104,1,10,51,'104000100100051','Block-Lager',1200.00,800.00,2500.00,'BLOCK','2019-03-01 00:00:00',NULL),(660,104,1,10,52,'104000100100052','Block-Lager',1200.00,800.00,2500.00,'BLOCK','2019-03-01 00:00:00',NULL),(661,104,1,11,1,'104000100110001','Block-Lager',1200.00,800.00,2500.00,'BLOCK','2019-03-01 00:00:00',NULL),(662,104,1,11,2,'104000100110002','Block-Lager',1200.00,800.00,2500.00,'BLOCK','2019-03-01 00:00:00',NULL),(663,104,1,11,3,'104000100110003','Block-Lager',1200.00,800.00,2500.00,'BLOCK','2019-03-01 00:00:00',NULL),(664,104,1,11,4,'104000100110004','Block-Lager',1200.00,800.00,2500.00,'BLOCK','2019-03-01 00:00:00',NULL),(665,104,1,11,5,'104000100110005','Block-Lager',1200.00,800.00,2500.00,'BLOCK','2019-03-01 00:00:00',NULL),(666,104,1,11,6,'104000100110006','Block-Lager',1200.00,800.00,2500.00,'BLOCK','2019-03-01 00:00:00',NULL),(667,104,1,11,7,'104000100110007','Block-Lager',1200.00,800.00,2500.00,'BLOCK','2019-03-01 00:00:00',NULL),(668,104,1,11,8,'104000100110008','Block-Lager',1200.00,800.00,2500.00,'BLOCK','2019-03-01 00:00:00',NULL),(669,104,1,11,9,'104000100110009','Block-Lager',1200.00,800.00,2500.00,'BLOCK','2019-03-01 00:00:00',NULL),(670,104,1,11,10,'104000100110010','Block-Lager',1200.00,800.00,2500.00,'BLOCK','2019-03-01 00:00:00',NULL),(671,104,1,11,11,'104000100110011','Block-Lager',1200.00,800.00,2500.00,'BLOCK','2019-03-01 00:00:00',NULL),(672,104,1,11,12,'104000100110012','Block-Lager',1200.00,800.00,2500.00,'BLOCK','2019-03-01 00:00:00',NULL),(673,104,1,11,13,'104000100110013','Block-Lager',1200.00,800.00,2500.00,'BLOCK','2019-03-01 00:00:00',NULL),(674,104,1,11,14,'104000100110014','Block-Lager',1200.00,800.00,2500.00,'BLOCK','2019-03-01 00:00:00',NULL),(675,104,1,11,15,'104000100110015','Block-Lager',1200.00,800.00,2500.00,'BLOCK','2019-03-01 00:00:00',NULL),(676,104,1,11,16,'104000100110016','Block-Lager',1200.00,800.00,2500.00,'BLOCK','2019-03-01 00:00:00',NULL),(677,104,1,11,17,'104000100110017','Block-Lager',1200.00,800.00,2500.00,'BLOCK','2019-03-01 00:00:00',NULL),(678,104,1,11,18,'104000100110018','Block-Lager',1200.00,800.00,2500.00,'BLOCK','2019-03-01 00:00:00',NULL),(679,104,1,11,19,'104000100110019','Block-Lager',1200.00,800.00,2500.00,'BLOCK','2019-03-01 00:00:00',NULL),(680,104,1,11,20,'104000100110020','Block-Lager',1200.00,800.00,2500.00,'BLOCK','2019-03-01 00:00:00',NULL),(681,104,1,11,21,'104000100110021','Block-Lager',1200.00,800.00,2500.00,'BLOCK','2019-03-01 00:00:00',NULL),(682,104,1,11,22,'104000100110022','Block-Lager',1200.00,800.00,2500.00,'BLOCK','2019-03-01 00:00:00',NULL),(683,104,1,11,23,'104000100110023','Block-Lager',1200.00,800.00,2500.00,'BLOCK','2019-03-01 00:00:00',NULL),(684,104,1,11,24,'104000100110024','Block-Lager',1200.00,800.00,2500.00,'BLOCK','2019-03-01 00:00:00',NULL),(685,104,1,11,25,'104000100110025','Block-Lager',1200.00,800.00,2500.00,'BLOCK','2019-03-01 00:00:00',NULL),(686,104,1,11,26,'104000100110026','Block-Lager',1200.00,800.00,2500.00,'BLOCK','2019-03-01 00:00:00',NULL),(687,104,1,11,27,'104000100110027','Block-Lager',1200.00,800.00,2500.00,'BLOCK','2019-03-01 00:00:00',NULL),(688,104,1,11,28,'104000100110028','Block-Lager',1200.00,800.00,2500.00,'BLOCK','2019-03-01 00:00:00',NULL),(689,104,1,11,29,'104000100110029','Block-Lager',1200.00,800.00,2500.00,'BLOCK','2019-03-01 00:00:00',NULL),(690,104,1,11,30,'104000100110030','Block-Lager',1200.00,800.00,2500.00,'BLOCK','2019-03-01 00:00:00',NULL),(691,104,1,11,31,'104000100110031','Block-Lager',1200.00,800.00,2500.00,'BLOCK','2019-03-01 00:00:00',NULL),(692,104,1,11,32,'104000100110032','Block-Lager',1200.00,800.00,2500.00,'BLOCK','2019-03-01 00:00:00',NULL),(693,104,1,11,33,'104000100110033','Block-Lager',1200.00,800.00,2500.00,'BLOCK','2019-03-01 00:00:00',NULL),(694,104,1,11,34,'104000100110034','Block-Lager',1200.00,800.00,2500.00,'BLOCK','2019-03-01 00:00:00',NULL),(695,104,1,11,35,'104000100110035','Block-Lager',1200.00,800.00,2500.00,'BLOCK','2019-03-01 00:00:00',NULL),(696,104,1,11,36,'104000100110036','Block-Lager',1200.00,800.00,2500.00,'BLOCK','2019-03-01 00:00:00',NULL),(697,104,1,11,37,'104000100110037','Block-Lager',1200.00,800.00,2500.00,'BLOCK','2019-03-01 00:00:00',NULL),(698,104,1,11,38,'104000100110038','Block-Lager',1200.00,800.00,2500.00,'BLOCK','2019-03-01 00:00:00',NULL),(699,104,1,11,39,'104000100110039','Block-Lager',1200.00,800.00,2500.00,'BLOCK','2019-03-01 00:00:00',NULL),(700,104,1,11,40,'104000100110040','Block-Lager',1200.00,800.00,2500.00,'BLOCK','2019-03-01 00:00:00',NULL),(701,104,1,11,41,'104000100110041','Block-Lager',1200.00,800.00,2500.00,'BLOCK','2019-03-01 00:00:00',NULL),(702,104,1,11,42,'104000100110042','Block-Lager',1200.00,800.00,2500.00,'BLOCK','2019-03-01 00:00:00',NULL),(703,104,1,11,43,'104000100110043','Block-Lager',1200.00,800.00,2500.00,'BLOCK','2019-03-01 00:00:00',NULL),(704,104,1,11,44,'104000100110044','Block-Lager',1200.00,800.00,2500.00,'BLOCK','2019-03-01 00:00:00',NULL),(705,104,1,11,45,'104000100110045','Block-Lager',1200.00,800.00,2500.00,'BLOCK','2019-03-01 00:00:00',NULL),(706,104,1,11,46,'104000100110046','Block-Lager',1200.00,800.00,2500.00,'BLOCK','2019-03-01 00:00:00',NULL),(707,104,1,11,47,'104000100110047','Block-Lager',1200.00,800.00,2500.00,'BLOCK','2019-03-01 00:00:00',NULL),(708,104,1,11,48,'104000100110048','Block-Lager',1200.00,800.00,2500.00,'BLOCK','2019-03-01 00:00:00',NULL),(709,104,1,11,49,'104000100110049','Block-Lager',1200.00,800.00,2500.00,'BLOCK','2019-03-01 00:00:00',NULL),(710,104,1,11,50,'104000100110050','Block-Lager',1200.00,800.00,2500.00,'BLOCK','2019-03-01 00:00:00',NULL),(711,104,1,11,51,'104000100110051','Block-Lager',1200.00,800.00,2500.00,'BLOCK','2019-03-01 00:00:00',NULL),(712,104,1,11,52,'104000100110052','Block-Lager',1200.00,800.00,2500.00,'BLOCK','2019-03-01 00:00:00',NULL),(713,104,1,12,1,'104000100120001','Block-Lager',1200.00,800.00,2500.00,'BLOCK','2019-03-01 00:00:00',NULL),(714,104,1,12,2,'104000100120002','Block-Lager',1200.00,800.00,2500.00,'BLOCK','2019-03-01 00:00:00',NULL),(715,104,1,12,3,'104000100120003','Block-Lager',1200.00,800.00,2500.00,'BLOCK','2019-03-01 00:00:00',NULL),(716,104,1,12,4,'104000100120004','Block-Lager',1200.00,800.00,2500.00,'BLOCK','2019-03-01 00:00:00',NULL),(717,104,1,12,5,'104000100120005','Block-Lager',1200.00,800.00,2500.00,'BLOCK','2019-03-01 00:00:00',NULL),(718,104,1,12,6,'104000100120006','Block-Lager',1200.00,800.00,2500.00,'BLOCK','2019-03-01 00:00:00',NULL),(719,104,1,12,7,'104000100120007','Block-Lager',1200.00,800.00,2500.00,'BLOCK','2019-03-01 00:00:00',NULL),(720,104,1,12,8,'104000100120008','Block-Lager',1200.00,800.00,2500.00,'BLOCK','2019-03-01 00:00:00',NULL),(721,104,1,12,9,'104000100120009','Block-Lager',1200.00,800.00,2500.00,'BLOCK','2019-03-01 00:00:00',NULL),(722,104,1,12,10,'104000100120010','Block-Lager',1200.00,800.00,2500.00,'BLOCK','2019-03-01 00:00:00',NULL),(723,104,1,12,11,'104000100120011','Block-Lager',1200.00,800.00,2500.00,'BLOCK','2019-03-01 00:00:00',NULL),(724,104,1,12,12,'104000100120012','Block-Lager',1200.00,800.00,2500.00,'BLOCK','2019-03-01 00:00:00',NULL),(725,104,1,12,13,'104000100120013','Block-Lager',1200.00,800.00,2500.00,'BLOCK','2019-03-01 00:00:00',NULL),(726,104,1,12,14,'104000100120014','Block-Lager',1200.00,800.00,2500.00,'BLOCK','2019-03-01 00:00:00',NULL),(727,104,1,12,15,'104000100120015','Block-Lager',1200.00,800.00,2500.00,'BLOCK','2019-03-01 00:00:00',NULL),(728,104,1,12,16,'104000100120016','Block-Lager',1200.00,800.00,2500.00,'BLOCK','2019-03-01 00:00:00',NULL),(729,104,1,12,17,'104000100120017','Block-Lager',1200.00,800.00,2500.00,'BLOCK','2019-03-01 00:00:00',NULL),(730,104,1,12,18,'104000100120018','Block-Lager',1200.00,800.00,2500.00,'BLOCK','2019-03-01 00:00:00',NULL),(731,104,1,12,19,'104000100120019','Block-Lager',1200.00,800.00,2500.00,'BLOCK','2019-03-01 00:00:00',NULL),(732,104,1,12,20,'104000100120020','Block-Lager',1200.00,800.00,2500.00,'BLOCK','2019-03-01 00:00:00',NULL),(733,104,1,12,21,'104000100120021','Block-Lager',1200.00,800.00,2500.00,'BLOCK','2019-03-01 00:00:00',NULL),(734,104,1,12,22,'104000100120022','Block-Lager',1200.00,800.00,2500.00,'BLOCK','2019-03-01 00:00:00',NULL),(735,104,1,12,23,'104000100120023','Block-Lager',1200.00,800.00,2500.00,'BLOCK','2019-03-01 00:00:00',NULL),(736,104,1,12,24,'104000100120024','Block-Lager',1200.00,800.00,2500.00,'BLOCK','2019-03-01 00:00:00',NULL),(737,104,1,12,25,'104000100120025','Block-Lager',1200.00,800.00,2500.00,'BLOCK','2019-03-01 00:00:00',NULL),(738,104,1,12,26,'104000100120026','Block-Lager',1200.00,800.00,2500.00,'BLOCK','2019-03-01 00:00:00',NULL),(739,104,1,12,27,'104000100120027','Block-Lager',1200.00,800.00,2500.00,'BLOCK','2019-03-01 00:00:00',NULL),(740,104,1,12,28,'104000100120028','Block-Lager',1200.00,800.00,2500.00,'BLOCK','2019-03-01 00:00:00',NULL),(741,104,1,12,29,'104000100120029','Block-Lager',1200.00,800.00,2500.00,'BLOCK','2019-03-01 00:00:00',NULL),(742,104,1,12,30,'104000100120030','Block-Lager',1200.00,800.00,2500.00,'BLOCK','2019-03-01 00:00:00',NULL),(743,104,1,12,31,'104000100120031','Block-Lager',1200.00,800.00,2500.00,'BLOCK','2019-03-01 00:00:00',NULL),(744,104,1,12,32,'104000100120032','Block-Lager',1200.00,800.00,2500.00,'BLOCK','2019-03-01 00:00:00',NULL),(745,104,1,12,33,'104000100120033','Block-Lager',1200.00,800.00,2500.00,'BLOCK','2019-03-01 00:00:00',NULL),(746,104,1,12,34,'104000100120034','Block-Lager',1200.00,800.00,2500.00,'BLOCK','2019-03-01 00:00:00',NULL),(747,104,1,12,35,'104000100120035','Block-Lager',1200.00,800.00,2500.00,'BLOCK','2019-03-01 00:00:00',NULL),(748,104,1,12,36,'104000100120036','Block-Lager',1200.00,800.00,2500.00,'BLOCK','2019-03-01 00:00:00',NULL),(749,104,1,12,37,'104000100120037','Block-Lager',1200.00,800.00,2500.00,'BLOCK','2019-03-01 00:00:00',NULL),(750,104,1,12,38,'104000100120038','Block-Lager',1200.00,800.00,2500.00,'BLOCK','2019-03-01 00:00:00',NULL),(751,104,1,12,39,'104000100120039','Block-Lager',1200.00,800.00,2500.00,'BLOCK','2019-03-01 00:00:00',NULL),(752,104,1,12,40,'104000100120040','Block-Lager',1200.00,800.00,2500.00,'BLOCK','2019-03-01 00:00:00',NULL),(753,104,1,12,41,'104000100120041','Block-Lager',1200.00,800.00,2500.00,'BLOCK','2019-03-01 00:00:00',NULL),(754,104,1,12,42,'104000100120042','Block-Lager',1200.00,800.00,2500.00,'BLOCK','2019-03-01 00:00:00',NULL),(755,104,1,12,43,'104000100120043','Block-Lager',1200.00,800.00,2500.00,'BLOCK','2019-03-01 00:00:00',NULL),(756,104,1,12,44,'104000100120044','Block-Lager',1200.00,800.00,2500.00,'BLOCK','2019-03-01 00:00:00',NULL),(757,104,1,12,45,'104000100120045','Block-Lager',1200.00,800.00,2500.00,'BLOCK','2019-03-01 00:00:00',NULL),(758,104,1,12,46,'104000100120046','Block-Lager',1200.00,800.00,2500.00,'BLOCK','2019-03-01 00:00:00',NULL),(759,104,1,12,47,'104000100120047','Block-Lager',1200.00,800.00,2500.00,'BLOCK','2019-03-01 00:00:00',NULL),(760,104,1,12,48,'104000100120048','Block-Lager',1200.00,800.00,2500.00,'BLOCK','2019-03-01 00:00:00',NULL),(761,104,1,12,49,'104000100120049','Block-Lager',1200.00,800.00,2500.00,'BLOCK','2019-03-01 00:00:00',NULL),(762,104,1,12,50,'104000100120050','Block-Lager',1200.00,800.00,2500.00,'BLOCK','2019-03-01 00:00:00',NULL),(763,104,1,12,51,'104000100120051','Block-Lager',1200.00,800.00,2500.00,'BLOCK','2019-03-01 00:00:00',NULL),(764,104,1,12,52,'104000100120052','Block-Lager',1200.00,800.00,2500.00,'BLOCK','2019-03-01 00:00:00',NULL),(765,104,1,13,1,'104000100130001','Block-Lager',1200.00,800.00,2500.00,'BLOCK','2019-03-01 00:00:00',NULL),(766,104,1,13,2,'104000100130002','Block-Lager',1200.00,800.00,2500.00,'BLOCK','2019-03-01 00:00:00',NULL),(767,104,1,13,3,'104000100130003','Block-Lager',1200.00,800.00,2500.00,'BLOCK','2019-03-01 00:00:00',NULL),(768,104,1,13,4,'104000100130004','Block-Lager',1200.00,800.00,2500.00,'BLOCK','2019-03-01 00:00:00',NULL),(769,104,1,13,5,'104000100130005','Block-Lager',1200.00,800.00,2500.00,'BLOCK','2019-03-01 00:00:00',NULL),(770,104,1,13,6,'104000100130006','Block-Lager',1200.00,800.00,2500.00,'BLOCK','2019-03-01 00:00:00',NULL),(771,104,1,13,7,'104000100130007','Block-Lager',1200.00,800.00,2500.00,'BLOCK','2019-03-01 00:00:00',NULL),(772,104,1,13,8,'104000100130008','Block-Lager',1200.00,800.00,2500.00,'BLOCK','2019-03-01 00:00:00',NULL),(773,104,1,13,9,'104000100130009','Block-Lager',1200.00,800.00,2500.00,'BLOCK','2019-03-01 00:00:00',NULL),(774,104,1,13,10,'104000100130010','Block-Lager',1200.00,800.00,2500.00,'BLOCK','2019-03-01 00:00:00',NULL),(775,104,1,13,11,'104000100130011','Block-Lager',1200.00,800.00,2500.00,'BLOCK','2019-03-01 00:00:00',NULL),(776,104,1,13,12,'104000100130012','Block-Lager',1200.00,800.00,2500.00,'BLOCK','2019-03-01 00:00:00',NULL),(777,104,1,13,13,'104000100130013','Block-Lager',1200.00,800.00,2500.00,'BLOCK','2019-03-01 00:00:00',NULL),(778,104,1,13,14,'104000100130014','Block-Lager',1200.00,800.00,2500.00,'BLOCK','2019-03-01 00:00:00',NULL),(779,104,1,13,15,'104000100130015','Block-Lager',1200.00,800.00,2500.00,'BLOCK','2019-03-01 00:00:00',NULL),(780,104,1,13,16,'104000100130016','Block-Lager',1200.00,800.00,2500.00,'BLOCK','2019-03-01 00:00:00',NULL),(781,104,1,13,17,'104000100130017','Block-Lager',1200.00,800.00,2500.00,'BLOCK','2019-03-01 00:00:00',NULL),(782,104,1,13,18,'104000100130018','Block-Lager',1200.00,800.00,2500.00,'BLOCK','2019-03-01 00:00:00',NULL),(783,104,1,13,19,'104000100130019','Block-Lager',1200.00,800.00,2500.00,'BLOCK','2019-03-01 00:00:00',NULL),(784,104,1,13,20,'104000100130020','Block-Lager',1200.00,800.00,2500.00,'BLOCK','2019-03-01 00:00:00',NULL),(785,104,1,13,21,'104000100130021','Block-Lager',1200.00,800.00,2500.00,'BLOCK','2019-03-01 00:00:00',NULL),(786,104,1,13,22,'104000100130022','Block-Lager',1200.00,800.00,2500.00,'BLOCK','2019-03-01 00:00:00',NULL),(787,104,1,13,23,'104000100130023','Block-Lager',1200.00,800.00,2500.00,'BLOCK','2019-03-01 00:00:00',NULL),(788,104,1,13,24,'104000100130024','Block-Lager',1200.00,800.00,2500.00,'BLOCK','2019-03-01 00:00:00',NULL),(789,104,1,13,25,'104000100130025','Block-Lager',1200.00,800.00,2500.00,'BLOCK','2019-03-01 00:00:00',NULL),(790,104,1,13,26,'104000100130026','Block-Lager',1200.00,800.00,2500.00,'BLOCK','2019-03-01 00:00:00',NULL),(791,104,1,13,27,'104000100130027','Block-Lager',1200.00,800.00,2500.00,'BLOCK','2019-03-01 00:00:00',NULL),(792,104,1,13,28,'104000100130028','Block-Lager',1200.00,800.00,2500.00,'BLOCK','2019-03-01 00:00:00',NULL),(793,104,1,13,29,'104000100130029','Block-Lager',1200.00,800.00,2500.00,'BLOCK','2019-03-01 00:00:00',NULL),(794,104,1,13,30,'104000100130030','Block-Lager',1200.00,800.00,2500.00,'BLOCK','2019-03-01 00:00:00',NULL),(795,104,1,13,31,'104000100130031','Block-Lager',1200.00,800.00,2500.00,'BLOCK','2019-03-01 00:00:00',NULL),(796,104,1,13,32,'104000100130032','Block-Lager',1200.00,800.00,2500.00,'BLOCK','2019-03-01 00:00:00',NULL),(797,104,1,13,33,'104000100130033','Block-Lager',1200.00,800.00,2500.00,'BLOCK','2019-03-01 00:00:00',NULL),(798,104,1,13,34,'104000100130034','Block-Lager',1200.00,800.00,2500.00,'BLOCK','2019-03-01 00:00:00',NULL),(799,104,1,13,35,'104000100130035','Block-Lager',1200.00,800.00,2500.00,'BLOCK','2019-03-01 00:00:00',NULL),(800,104,1,13,36,'104000100130036','Block-Lager',1200.00,800.00,2500.00,'BLOCK','2019-03-01 00:00:00',NULL),(801,104,1,13,37,'104000100130037','Block-Lager',1200.00,800.00,2500.00,'BLOCK','2019-03-01 00:00:00',NULL),(802,104,1,13,38,'104000100130038','Block-Lager',1200.00,800.00,2500.00,'BLOCK','2019-03-01 00:00:00',NULL),(803,104,1,13,39,'104000100130039','Block-Lager',1200.00,800.00,2500.00,'BLOCK','2019-03-01 00:00:00',NULL),(804,104,1,13,40,'104000100130040','Block-Lager',1200.00,800.00,2500.00,'BLOCK','2019-03-01 00:00:00',NULL),(805,104,1,13,41,'104000100130041','Block-Lager',1200.00,800.00,2500.00,'BLOCK','2019-03-01 00:00:00',NULL),(806,104,1,13,42,'104000100130042','Block-Lager',1200.00,800.00,2500.00,'BLOCK','2019-03-01 00:00:00',NULL),(807,104,1,13,43,'104000100130043','Block-Lager',1200.00,800.00,2500.00,'BLOCK','2019-03-01 00:00:00',NULL),(808,104,1,13,44,'104000100130044','Block-Lager',1200.00,800.00,2500.00,'BLOCK','2019-03-01 00:00:00',NULL),(809,104,1,13,45,'104000100130045','Block-Lager',1200.00,800.00,2500.00,'BLOCK','2019-03-01 00:00:00',NULL),(810,104,1,13,46,'104000100130046','Block-Lager',1200.00,800.00,2500.00,'BLOCK','2019-03-01 00:00:00',NULL),(811,104,1,13,47,'104000100130047','Block-Lager',1200.00,800.00,2500.00,'BLOCK','2019-03-01 00:00:00',NULL),(812,104,1,13,48,'104000100130048','Block-Lager',1200.00,800.00,2500.00,'BLOCK','2019-03-01 00:00:00',NULL),(813,104,1,13,49,'104000100130049','Block-Lager',1200.00,800.00,2500.00,'BLOCK','2019-03-01 00:00:00',NULL),(814,104,1,13,50,'104000100130050','Block-Lager',1200.00,800.00,2500.00,'BLOCK','2019-03-01 00:00:00',NULL),(815,104,1,13,51,'104000100130051','Block-Lager',1200.00,800.00,2500.00,'BLOCK','2019-03-01 00:00:00',NULL),(816,104,1,13,52,'104000100130052','Block-Lager',1200.00,800.00,2500.00,'BLOCK','2019-03-01 00:00:00',NULL),(817,104,1,14,1,'104000100140001','Block-Lager',1200.00,800.00,2500.00,'BLOCK','2019-03-01 00:00:00',NULL),(818,104,1,14,2,'104000100140002','Block-Lager',1200.00,800.00,2500.00,'BLOCK','2019-03-01 00:00:00',NULL),(819,104,1,14,3,'104000100140003','Block-Lager',1200.00,800.00,2500.00,'BLOCK','2019-03-01 00:00:00',NULL),(820,104,1,14,4,'104000100140004','Block-Lager',1200.00,800.00,2500.00,'BLOCK','2019-03-01 00:00:00',NULL),(821,104,1,14,5,'104000100140005','Block-Lager',1200.00,800.00,2500.00,'BLOCK','2019-03-01 00:00:00',NULL),(822,104,1,14,6,'104000100140006','Block-Lager',1200.00,800.00,2500.00,'BLOCK','2019-03-01 00:00:00',NULL),(823,104,1,14,7,'104000100140007','Block-Lager',1200.00,800.00,2500.00,'BLOCK','2019-03-01 00:00:00',NULL),(824,104,1,14,8,'104000100140008','Block-Lager',1200.00,800.00,2500.00,'BLOCK','2019-03-01 00:00:00',NULL),(825,104,1,14,9,'104000100140009','Block-Lager',1200.00,800.00,2500.00,'BLOCK','2019-03-01 00:00:00',NULL),(826,104,1,14,10,'104000100140010','Block-Lager',1200.00,800.00,2500.00,'BLOCK','2019-03-01 00:00:00',NULL),(827,104,1,14,11,'104000100140011','Block-Lager',1200.00,800.00,2500.00,'BLOCK','2019-03-01 00:00:00',NULL),(828,104,1,14,12,'104000100140012','Block-Lager',1200.00,800.00,2500.00,'BLOCK','2019-03-01 00:00:00',NULL),(829,104,1,14,13,'104000100140013','Block-Lager',1200.00,800.00,2500.00,'BLOCK','2019-03-01 00:00:00',NULL),(830,104,1,14,14,'104000100140014','Block-Lager',1200.00,800.00,2500.00,'BLOCK','2019-03-01 00:00:00',NULL),(831,104,1,14,15,'104000100140015','Block-Lager',1200.00,800.00,2500.00,'BLOCK','2019-03-01 00:00:00',NULL),(832,104,1,14,16,'104000100140016','Block-Lager',1200.00,800.00,2500.00,'BLOCK','2019-03-01 00:00:00',NULL),(833,104,1,14,17,'104000100140017','Block-Lager',1200.00,800.00,2500.00,'BLOCK','2019-03-01 00:00:00',NULL),(834,104,1,14,18,'104000100140018','Block-Lager',1200.00,800.00,2500.00,'BLOCK','2019-03-01 00:00:00',NULL),(835,104,1,14,19,'104000100140019','Block-Lager',1200.00,800.00,2500.00,'BLOCK','2019-03-01 00:00:00',NULL),(836,104,1,14,20,'104000100140020','Block-Lager',1200.00,800.00,2500.00,'BLOCK','2019-03-01 00:00:00',NULL),(837,104,1,14,21,'104000100140021','Block-Lager',1200.00,800.00,2500.00,'BLOCK','2019-03-01 00:00:00',NULL),(838,104,1,14,22,'104000100140022','Block-Lager',1200.00,800.00,2500.00,'BLOCK','2019-03-01 00:00:00',NULL),(839,104,1,14,23,'104000100140023','Block-Lager',1200.00,800.00,2500.00,'BLOCK','2019-03-01 00:00:00',NULL),(840,104,1,14,24,'104000100140024','Block-Lager',1200.00,800.00,2500.00,'BLOCK','2019-03-01 00:00:00',NULL),(841,104,1,14,25,'104000100140025','Block-Lager',1200.00,800.00,2500.00,'BLOCK','2019-03-01 00:00:00',NULL),(842,104,1,14,26,'104000100140026','Block-Lager',1200.00,800.00,2500.00,'BLOCK','2019-03-01 00:00:00',NULL),(843,104,1,14,27,'104000100140027','Block-Lager',1200.00,800.00,2500.00,'BLOCK','2019-03-01 00:00:00',NULL),(844,104,1,14,28,'104000100140028','Block-Lager',1200.00,800.00,2500.00,'BLOCK','2019-03-01 00:00:00',NULL),(845,104,1,14,29,'104000100140029','Block-Lager',1200.00,800.00,2500.00,'BLOCK','2019-03-01 00:00:00',NULL),(846,104,1,14,30,'104000100140030','Block-Lager',1200.00,800.00,2500.00,'BLOCK','2019-03-01 00:00:00',NULL),(847,104,1,14,31,'104000100140031','Block-Lager',1200.00,800.00,2500.00,'BLOCK','2019-03-01 00:00:00',NULL),(848,104,1,14,32,'104000100140032','Block-Lager',1200.00,800.00,2500.00,'BLOCK','2019-03-01 00:00:00',NULL),(849,104,1,14,33,'104000100140033','Block-Lager',1200.00,800.00,2500.00,'BLOCK','2019-03-01 00:00:00',NULL),(850,104,1,14,34,'104000100140034','Block-Lager',1200.00,800.00,2500.00,'BLOCK','2019-03-01 00:00:00',NULL),(851,104,1,14,35,'104000100140035','Block-Lager',1200.00,800.00,2500.00,'BLOCK','2019-03-01 00:00:00',NULL),(852,104,1,14,36,'104000100140036','Block-Lager',1200.00,800.00,2500.00,'BLOCK','2019-03-01 00:00:00',NULL),(853,104,1,14,37,'104000100140037','Block-Lager',1200.00,800.00,2500.00,'BLOCK','2019-03-01 00:00:00',NULL),(854,104,1,14,38,'104000100140038','Block-Lager',1200.00,800.00,2500.00,'BLOCK','2019-03-01 00:00:00',NULL),(855,104,1,14,39,'104000100140039','Block-Lager',1200.00,800.00,2500.00,'BLOCK','2019-03-01 00:00:00',NULL),(856,104,1,14,40,'104000100140040','Block-Lager',1200.00,800.00,2500.00,'BLOCK','2019-03-01 00:00:00',NULL),(857,104,1,14,41,'104000100140041','Block-Lager',1200.00,800.00,2500.00,'BLOCK','2019-03-01 00:00:00',NULL),(858,104,1,14,42,'104000100140042','Block-Lager',1200.00,800.00,2500.00,'BLOCK','2019-03-01 00:00:00',NULL),(859,104,1,14,43,'104000100140043','Block-Lager',1200.00,800.00,2500.00,'BLOCK','2019-03-01 00:00:00',NULL),(860,104,1,14,44,'104000100140044','Block-Lager',1200.00,800.00,2500.00,'BLOCK','2019-03-01 00:00:00',NULL),(861,104,1,14,45,'104000100140045','Block-Lager',1200.00,800.00,2500.00,'BLOCK','2019-03-01 00:00:00',NULL),(862,104,1,14,46,'104000100140046','Block-Lager',1200.00,800.00,2500.00,'BLOCK','2019-03-01 00:00:00',NULL),(863,104,1,14,47,'104000100140047','Block-Lager',1200.00,800.00,2500.00,'BLOCK','2019-03-01 00:00:00',NULL),(864,104,1,14,48,'104000100140048','Block-Lager',1200.00,800.00,2500.00,'BLOCK','2019-03-01 00:00:00',NULL),(865,104,1,14,49,'104000100140049','Block-Lager',1200.00,800.00,2500.00,'BLOCK','2019-03-01 00:00:00',NULL),(866,104,1,14,50,'104000100140050','Block-Lager',1200.00,800.00,2500.00,'BLOCK','2019-03-01 00:00:00',NULL),(867,104,1,14,51,'104000100140051','Block-Lager',1200.00,800.00,2500.00,'BLOCK','2019-03-01 00:00:00',NULL),(868,104,1,14,52,'104000100140052','Block-Lager',1200.00,800.00,2500.00,'BLOCK','2019-03-01 00:00:00',NULL),(869,104,1,15,1,'104000100150001','Block-Lager',1200.00,800.00,2500.00,'BLOCK','2019-03-01 00:00:00',NULL),(870,104,1,15,2,'104000100150002','Block-Lager',1200.00,800.00,2500.00,'BLOCK','2019-03-01 00:00:00',NULL),(871,104,1,15,3,'104000100150003','Block-Lager',1200.00,800.00,2500.00,'BLOCK','2019-03-01 00:00:00',NULL),(872,104,1,15,4,'104000100150004','Block-Lager',1200.00,800.00,2500.00,'BLOCK','2019-03-01 00:00:00',NULL),(873,104,1,15,5,'104000100150005','Block-Lager',1200.00,800.00,2500.00,'BLOCK','2019-03-01 00:00:00',NULL),(874,104,1,15,6,'104000100150006','Block-Lager',1200.00,800.00,2500.00,'BLOCK','2019-03-01 00:00:00',NULL),(875,104,1,15,7,'104000100150007','Block-Lager',1200.00,800.00,2500.00,'BLOCK','2019-03-01 00:00:00',NULL),(876,104,1,15,8,'104000100150008','Block-Lager',1200.00,800.00,2500.00,'BLOCK','2019-03-01 00:00:00',NULL),(877,104,1,15,9,'104000100150009','Block-Lager',1200.00,800.00,2500.00,'BLOCK','2019-03-01 00:00:00',NULL),(878,104,1,15,10,'104000100150010','Block-Lager',1200.00,800.00,2500.00,'BLOCK','2019-03-01 00:00:00',NULL),(879,104,1,15,11,'104000100150011','Block-Lager',1200.00,800.00,2500.00,'BLOCK','2019-03-01 00:00:00',NULL),(880,104,1,15,12,'104000100150012','Block-Lager',1200.00,800.00,2500.00,'BLOCK','2019-03-01 00:00:00',NULL),(881,104,1,15,13,'104000100150013','Block-Lager',1200.00,800.00,2500.00,'BLOCK','2019-03-01 00:00:00',NULL),(882,104,1,15,14,'104000100150014','Block-Lager',1200.00,800.00,2500.00,'BLOCK','2019-03-01 00:00:00',NULL),(883,104,1,15,15,'104000100150015','Block-Lager',1200.00,800.00,2500.00,'BLOCK','2019-03-01 00:00:00',NULL),(884,104,1,15,16,'104000100150016','Block-Lager',1200.00,800.00,2500.00,'BLOCK','2019-03-01 00:00:00',NULL),(885,104,1,15,17,'104000100150017','Block-Lager',1200.00,800.00,2500.00,'BLOCK','2019-03-01 00:00:00',NULL),(886,104,1,15,18,'104000100150018','Block-Lager',1200.00,800.00,2500.00,'BLOCK','2019-03-01 00:00:00',NULL),(887,104,1,15,19,'104000100150019','Block-Lager',1200.00,800.00,2500.00,'BLOCK','2019-03-01 00:00:00',NULL),(888,104,1,15,20,'104000100150020','Block-Lager',1200.00,800.00,2500.00,'BLOCK','2019-03-01 00:00:00',NULL),(889,104,1,15,21,'104000100150021','Block-Lager',1200.00,800.00,2500.00,'BLOCK','2019-03-01 00:00:00',NULL),(890,104,1,15,22,'104000100150022','Block-Lager',1200.00,800.00,2500.00,'BLOCK','2019-03-01 00:00:00',NULL),(891,104,1,15,23,'104000100150023','Block-Lager',1200.00,800.00,2500.00,'BLOCK','2019-03-01 00:00:00',NULL),(892,104,1,15,24,'104000100150024','Block-Lager',1200.00,800.00,2500.00,'BLOCK','2019-03-01 00:00:00',NULL),(893,104,1,15,25,'104000100150025','Block-Lager',1200.00,800.00,2500.00,'BLOCK','2019-03-01 00:00:00',NULL),(894,104,1,15,26,'104000100150026','Block-Lager',1200.00,800.00,2500.00,'BLOCK','2019-03-01 00:00:00',NULL),(895,104,1,15,27,'104000100150027','Block-Lager',1200.00,800.00,2500.00,'BLOCK','2019-03-01 00:00:00',NULL),(896,104,1,15,28,'104000100150028','Block-Lager',1200.00,800.00,2500.00,'BLOCK','2019-03-01 00:00:00',NULL),(897,104,1,15,29,'104000100150029','Block-Lager',1200.00,800.00,2500.00,'BLOCK','2019-03-01 00:00:00',NULL),(898,104,1,15,30,'104000100150030','Block-Lager',1200.00,800.00,2500.00,'BLOCK','2019-03-01 00:00:00',NULL),(899,104,1,15,31,'104000100150031','Block-Lager',1200.00,800.00,2500.00,'BLOCK','2019-03-01 00:00:00',NULL),(900,104,1,15,32,'104000100150032','Block-Lager',1200.00,800.00,2500.00,'BLOCK','2019-03-01 00:00:00',NULL),(901,104,1,15,33,'104000100150033','Block-Lager',1200.00,800.00,2500.00,'BLOCK','2019-03-01 00:00:00',NULL),(902,104,1,15,34,'104000100150034','Block-Lager',1200.00,800.00,2500.00,'BLOCK','2019-03-01 00:00:00',NULL),(903,104,1,15,35,'104000100150035','Block-Lager',1200.00,800.00,2500.00,'BLOCK','2019-03-01 00:00:00',NULL),(904,104,1,15,36,'104000100150036','Block-Lager',1200.00,800.00,2500.00,'BLOCK','2019-03-01 00:00:00',NULL),(905,104,1,15,37,'104000100150037','Block-Lager',1200.00,800.00,2500.00,'BLOCK','2019-03-01 00:00:00',NULL),(906,104,1,15,38,'104000100150038','Block-Lager',1200.00,800.00,2500.00,'BLOCK','2019-03-01 00:00:00',NULL),(907,104,1,15,39,'104000100150039','Block-Lager',1200.00,800.00,2500.00,'BLOCK','2019-03-01 00:00:00',NULL),(908,104,1,15,40,'104000100150040','Block-Lager',1200.00,800.00,2500.00,'BLOCK','2019-03-01 00:00:00',NULL),(909,104,1,15,41,'104000100150041','Block-Lager',1200.00,800.00,2500.00,'BLOCK','2019-03-01 00:00:00',NULL),(910,104,1,15,42,'104000100150042','Block-Lager',1200.00,800.00,2500.00,'BLOCK','2019-03-01 00:00:00',NULL),(911,104,1,15,43,'104000100150043','Block-Lager',1200.00,800.00,2500.00,'BLOCK','2019-03-01 00:00:00',NULL),(912,104,1,15,44,'104000100150044','Block-Lager',1200.00,800.00,2500.00,'BLOCK','2019-03-01 00:00:00',NULL),(913,104,1,15,45,'104000100150045','Block-Lager',1200.00,800.00,2500.00,'BLOCK','2019-03-01 00:00:00',NULL),(914,104,1,15,46,'104000100150046','Block-Lager',1200.00,800.00,2500.00,'BLOCK','2019-03-01 00:00:00',NULL),(915,104,1,15,47,'104000100150047','Block-Lager',1200.00,800.00,2500.00,'BLOCK','2019-03-01 00:00:00',NULL),(916,104,1,15,48,'104000100150048','Block-Lager',1200.00,800.00,2500.00,'BLOCK','2019-03-01 00:00:00',NULL),(917,104,1,15,49,'104000100150049','Block-Lager',1200.00,800.00,2500.00,'BLOCK','2019-03-01 00:00:00',NULL),(918,104,1,15,50,'104000100150050','Block-Lager',1200.00,800.00,2500.00,'BLOCK','2019-03-01 00:00:00',NULL),(919,104,1,15,51,'104000100150051','Block-Lager',1200.00,800.00,2500.00,'BLOCK','2019-03-01 00:00:00',NULL),(920,104,1,15,52,'104000100150052','Block-Lager',1200.00,800.00,2500.00,'BLOCK','2019-03-01 00:00:00',NULL),(921,160,1,1,1,'160000100010001','Konfektionierung',0.00,0.00,0.00,'WA','2019-03-01 00:00:00',NULL),(922,163,1,1,1,'163000100010001','KOMMI',0.00,0.00,0.00,'KOMMI','2019-03-01 00:00:00',NULL),(923,165,1,1,1,'165000100010001','WA-KEP',0.00,0.00,0.00,'WA','2019-03-01 00:00:00',NULL),(924,170,1,1,1,'170000100010001','WA-SPED',0.00,0.00,0.00,'WA','2019-03-01 00:00:00',NULL),(928,147,1,1,1,'147000100010001','Pal Regal',800.00,1200.00,2000.00,'KOMPAL200','2023-03-31 13:30:30',NULL);
/*!40000 ALTER TABLE `stock_location` ENABLE KEYS */;
UNLOCK TABLES;

--
-- Table structure for table `stock_occupancy`
--

DROP TABLE IF EXISTS `stock_occupancy`;
/*!40101 SET @saved_cs_client     = @@character_set_client */;
/*!40101 SET character_set_client = utf8 */;
CREATE TABLE `stock_occupancy` (
  `id` int(11) NOT NULL AUTO_INCREMENT,
  `stock_location_id` int(11) NOT NULL,
  `article_id` int(11) NOT NULL,
  `in_stock` int(11) NOT NULL,
  `incoming_stock` int(11) NOT NULL,
  `outgoing_stock` int(11) NOT NULL,
  `created_at` datetime DEFAULT NULL,
  `updated_at` datetime DEFAULT NULL,
  PRIMARY KEY (`id`)
) ENGINE=InnoDB DEFAULT CHARSET=utf8mb4 COLLATE=utf8mb4_unicode_ci;
/*!40101 SET character_set_client = @saved_cs_client */;

--
-- Dumping data for table `stock_occupancy`
--

LOCK TABLES `stock_occupancy` WRITE;
/*!40000 ALTER TABLE `stock_occupancy` DISABLE KEYS */;
/*!40000 ALTER TABLE `stock_occupancy` ENABLE KEYS */;
UNLOCK TABLES;

--
-- Table structure for table `stock_rotation`
--

DROP TABLE IF EXISTS `stock_rotation`;
/*!40101 SET @saved_cs_client     = @@character_set_client */;
/*!40101 SET character_set_client = utf8 */;
CREATE TABLE `stock_rotation` (
  `id` int(11) NOT NULL AUTO_INCREMENT,
  `stock_location_id` int(11) NOT NULL,
  `article_id` int(11) NOT NULL,
  `usr_id` int(11) NOT NULL,
  `customer_order_id` int(11) DEFAULT NULL,
  `supplier_order_id` int(11) DEFAULT NULL,
  `movement_id` int(11) NOT NULL,
  `pos_quantity` int(11) NOT NULL,
  `access_date` datetime DEFAULT NULL,
  `dispatch_date` datetime DEFAULT NULL,
  `tr_type` varchar(8) COLLATE utf8mb4_unicode_ci NOT NULL,
  `created_at` datetime DEFAULT NULL,
  PRIMARY KEY (`id`)
) ENGINE=InnoDB AUTO_INCREMENT=94 DEFAULT CHARSET=utf8mb4 COLLATE=utf8mb4_unicode_ci;
/*!40101 SET character_set_client = @saved_cs_client */;

--
-- Dumping data for table `stock_rotation`
--

LOCK TABLES `stock_rotation` WRITE;
/*!40000 ALTER TABLE `stock_rotation` DISABLE KEYS */;
INSERT INTO `stock_rotation` VALUES (1,61,1,3,NULL,1,102,480,'2019-08-03 10:38:21',NULL,'',NULL),(2,62,1,3,NULL,1,102,480,'2019-08-03 10:38:21',NULL,'',NULL),(3,63,1,3,NULL,1,102,480,'2019-08-03 10:38:21',NULL,'',NULL),(4,64,1,3,NULL,1,102,480,'2019-08-03 10:38:21',NULL,'',NULL),(5,65,1,3,NULL,1,102,480,'2019-08-03 10:38:21',NULL,'',NULL),(6,66,1,3,NULL,1,102,480,'2019-08-03 10:38:21',NULL,'',NULL),(7,67,1,3,NULL,1,102,480,'2019-08-03 10:38:21',NULL,'',NULL),(8,68,1,3,NULL,1,102,480,'2019-08-03 10:38:21',NULL,'',NULL),(9,69,1,3,NULL,1,102,480,'2019-08-03 10:38:21',NULL,'',NULL),(10,70,1,3,NULL,1,102,480,'2019-08-03 10:38:21',NULL,'',NULL),(11,131,1,3,NULL,1,102,200,'2019-08-03 10:38:21',NULL,'',NULL),(12,76,2,3,NULL,2,102,480,'2019-08-07 12:11:39',NULL,'',NULL),(13,77,2,3,NULL,2,102,480,'2019-08-07 12:11:39',NULL,'',NULL),(14,78,2,3,NULL,2,102,480,'2019-08-07 12:11:39',NULL,'',NULL),(15,79,2,3,NULL,2,102,480,'2019-08-07 12:11:39',NULL,'',NULL),(16,80,2,3,NULL,2,102,480,'2019-08-07 12:11:39',NULL,'',NULL),(17,81,2,3,NULL,2,102,480,'2019-08-07 12:11:39',NULL,'',NULL),(18,82,2,3,NULL,2,102,480,'2019-08-07 12:11:39',NULL,'',NULL),(19,83,2,3,NULL,2,102,480,'2019-08-07 12:11:39',NULL,'',NULL),(20,84,2,3,NULL,2,102,480,'2019-08-07 12:11:39',NULL,'',NULL),(21,85,2,3,NULL,2,102,480,'2019-08-07 12:11:39',NULL,'',NULL),(22,132,2,3,NULL,2,102,200,'2019-08-07 12:11:39',NULL,'',NULL),(23,61,1,3,1,NULL,202,-60,NULL,'2019-08-27 11:10:32','',NULL),(24,76,2,3,2,NULL,202,-80,NULL,'2019-08-27 11:10:32','',NULL),(25,61,1,3,3,NULL,202,-80,NULL,'2019-08-27 11:10:32','',NULL),(26,76,2,3,4,NULL,202,-80,NULL,'2019-08-27 11:10:32','',NULL),(27,61,1,3,5,NULL,202,-80,NULL,'2019-08-27 11:10:32','',NULL),(28,76,2,3,6,NULL,202,-80,NULL,'2019-08-27 11:10:32','',NULL),(29,61,1,3,7,NULL,202,-80,NULL,'2019-08-27 11:10:32','',NULL),(30,76,2,3,8,NULL,202,-80,NULL,'2019-08-27 11:10:32','',NULL),(31,61,1,3,9,NULL,202,-80,NULL,'2019-08-27 11:10:32','',NULL),(32,76,2,3,10,NULL,202,-80,NULL,'2019-08-27 11:10:32','',NULL),(33,61,1,3,11,NULL,202,-80,NULL,'2019-08-27 11:10:32','',NULL),(34,76,2,3,12,NULL,202,-80,NULL,'2019-08-27 11:10:32','',NULL),(35,62,1,3,13,NULL,202,-80,NULL,'2019-08-27 11:10:32','',NULL),(36,77,2,3,14,NULL,202,-80,NULL,'2019-08-27 11:10:32','',NULL),(37,62,1,3,15,NULL,202,-80,NULL,'2019-08-27 11:10:32','',NULL),(38,77,2,3,16,NULL,202,-80,NULL,'2019-08-27 11:10:32','',NULL),(39,62,1,3,17,NULL,202,-80,NULL,'2019-08-27 11:10:32','',NULL),(40,77,2,3,18,NULL,202,-80,NULL,'2019-08-27 11:10:32','',NULL),(41,62,1,3,19,NULL,202,-80,NULL,'2019-08-27 11:10:32','',NULL),(42,77,2,3,20,NULL,202,-80,NULL,'2019-08-27 11:10:32','',NULL),(43,1,4,1,NULL,3,102,18,'2019-10-09 14:42:50',NULL,'',NULL),(44,2,4,1,NULL,3,102,18,'2019-10-09 14:42:50',NULL,'',NULL),(45,3,4,1,NULL,3,102,18,'2019-10-09 14:42:50',NULL,'',NULL),(46,4,4,1,NULL,3,102,18,'2019-10-09 14:42:50',NULL,'',NULL),(47,5,4,1,NULL,3,102,18,'2019-10-09 14:42:50',NULL,'',NULL),(48,6,4,1,NULL,3,102,18,'2019-10-09 14:42:50',NULL,'',NULL),(49,7,4,1,NULL,3,102,18,'2019-10-09 14:42:50',NULL,'',NULL),(50,8,4,1,NULL,3,102,18,'2019-10-09 14:42:50',NULL,'',NULL),(51,9,4,1,NULL,3,102,18,'2019-10-09 14:42:50',NULL,'',NULL),(52,10,4,1,NULL,3,102,18,'2019-10-09 14:42:50',NULL,'',NULL),(53,31,5,1,NULL,4,102,25,'2019-10-09 14:42:50',NULL,'',NULL),(54,32,5,1,NULL,4,102,25,'2019-10-09 14:42:50',NULL,'',NULL),(55,33,5,1,NULL,4,102,25,'2019-10-09 14:42:50',NULL,'',NULL),(56,34,5,1,NULL,4,102,25,'2019-10-09 14:42:50',NULL,'',NULL),(57,35,5,1,NULL,4,102,25,'2019-10-09 14:42:50',NULL,'',NULL),(58,36,5,1,NULL,4,102,25,'2019-10-09 14:42:50',NULL,'',NULL),(59,37,5,1,NULL,4,102,25,'2019-10-09 14:42:50',NULL,'',NULL),(60,38,5,1,NULL,4,102,25,'2019-10-09 14:42:50',NULL,'',NULL),(61,39,5,1,NULL,4,102,25,'2019-10-09 14:42:50',NULL,'',NULL),(62,40,5,1,NULL,4,102,25,'2019-10-09 14:42:50',NULL,'',NULL),(63,41,5,1,NULL,4,102,25,'2019-10-09 14:42:50',NULL,'',NULL),(64,1,3,3,NULL,100002,102,48,'2022-06-23 13:25:18',NULL,'',NULL),(65,2,3,3,NULL,100002,102,48,'2022-06-23 13:25:18',NULL,'',NULL),(66,3,3,3,NULL,100002,102,48,'2022-06-23 13:25:18',NULL,'',NULL),(67,4,3,3,NULL,100002,102,48,'2022-06-23 13:25:18',NULL,'',NULL),(68,5,3,3,NULL,100002,102,48,'2022-06-23 13:25:18',NULL,'',NULL),(69,6,3,3,NULL,100002,102,48,'2022-06-23 13:25:18',NULL,'',NULL),(70,7,3,3,NULL,100002,102,48,'2022-06-23 13:25:18',NULL,'',NULL),(71,8,3,3,NULL,100002,102,48,'2022-06-23 13:25:18',NULL,'',NULL),(72,9,3,3,NULL,100002,102,48,'2022-06-23 13:25:18',NULL,'',NULL),(73,10,3,3,NULL,100002,102,48,'2022-06-23 13:25:18',NULL,'',NULL),(74,11,3,3,NULL,100002,102,48,'2022-06-23 13:25:18',NULL,'',NULL),(75,12,3,3,NULL,100002,102,48,'2022-06-23 13:25:19',NULL,'',NULL),(76,13,3,3,NULL,100002,102,48,'2022-06-23 13:25:19',NULL,'',NULL),(77,14,3,3,NULL,100002,102,48,'2022-06-23 13:25:19',NULL,'',NULL),(78,15,3,3,NULL,100002,102,48,'2022-06-23 13:25:19',NULL,'',NULL),(79,16,3,3,NULL,100002,102,48,'2022-06-23 13:25:19',NULL,'',NULL),(80,17,3,3,NULL,100002,102,48,'2022-06-23 13:25:19',NULL,'',NULL),(81,18,3,3,NULL,100002,102,48,'2022-06-23 13:25:19',NULL,'',NULL),(82,19,3,3,NULL,100002,102,48,'2022-06-23 13:25:19',NULL,'',NULL),(83,20,3,3,NULL,100002,102,48,'2022-06-23 13:25:19',NULL,'',NULL),(84,21,3,3,NULL,100002,102,48,'2022-06-23 13:25:19',NULL,'',NULL),(85,22,3,3,NULL,100002,102,48,'2022-06-23 13:25:20',NULL,'',NULL),(86,23,3,3,NULL,100002,102,48,'2022-06-23 13:25:20',NULL,'',NULL),(87,24,3,3,NULL,100002,102,48,'2022-06-23 13:25:20',NULL,'',NULL),(88,25,3,3,NULL,100002,102,48,'2022-06-23 13:25:20',NULL,'',NULL),(89,26,3,3,NULL,100002,102,48,'2022-06-23 13:25:20',NULL,'',NULL),(90,27,3,3,NULL,100002,102,48,'2022-06-23 13:25:20',NULL,'',NULL),(91,28,3,3,NULL,100002,102,48,'2022-06-23 13:25:20',NULL,'',NULL),(92,29,3,3,NULL,100002,102,48,'2022-06-23 13:25:20',NULL,'',NULL),(93,30,3,3,NULL,100002,102,48,'2022-06-23 13:25:20',NULL,'',NULL);
/*!40000 ALTER TABLE `stock_rotation` ENABLE KEYS */;
UNLOCK TABLES;

--
-- Table structure for table `stock_transfer_strategy`
--

DROP TABLE IF EXISTS `stock_transfer_strategy`;
/*!40101 SET @saved_cs_client     = @@character_set_client */;
/*!40101 SET character_set_client = utf8 */;
CREATE TABLE `stock_transfer_strategy` (
  `id` int(11) NOT NULL AUTO_INCREMENT,
  `short_code` varchar(255) COLLATE utf8mb4_unicode_ci NOT NULL,
  `description` varchar(255) COLLATE utf8mb4_unicode_ci NOT NULL,
  `created_at` datetime DEFAULT NULL,
  `updated_at` datetime DEFAULT NULL,
  PRIMARY KEY (`id`)
) ENGINE=InnoDB DEFAULT CHARSET=utf8mb4 COLLATE=utf8mb4_unicode_ci;
/*!40101 SET character_set_client = @saved_cs_client */;

--
-- Dumping data for table `stock_transfer_strategy`
--

LOCK TABLES `stock_transfer_strategy` WRITE;
/*!40000 ALTER TABLE `stock_transfer_strategy` DISABLE KEYS */;
/*!40000 ALTER TABLE `stock_transfer_strategy` ENABLE KEYS */;
UNLOCK TABLES;

--
-- Table structure for table `stock_zone`
--

DROP TABLE IF EXISTS `stock_zone`;
/*!40101 SET @saved_cs_client     = @@character_set_client */;
/*!40101 SET character_set_client = utf8 */;
CREATE TABLE `stock_zone` (
  `id` int(11) NOT NULL AUTO_INCREMENT,
  `stock_zone_short_desc` varchar(100) COLLATE utf8mb4_unicode_ci NOT NULL,
  `stock_zone_description` varchar(255) COLLATE utf8mb4_unicode_ci NOT NULL,
  `created_at` datetime DEFAULT NULL,
  `updated_at` datetime DEFAULT NULL,
  PRIMARY KEY (`id`)
) ENGINE=InnoDB AUTO_INCREMENT=10 DEFAULT CHARSET=utf8mb4 COLLATE=utf8mb4_unicode_ci;
/*!40101 SET character_set_client = @saved_cs_client */;

--
-- Dumping data for table `stock_zone`
--

LOCK TABLES `stock_zone` WRITE;
/*!40000 ALTER TABLE `stock_zone` DISABLE KEYS */;
INSERT INTO `stock_zone` VALUES (1,'ANBRUCH','Lager für Reste und Anbruchpal. im Block','2019-03-01 00:00:00',NULL),(2,'BLOCK','Blocklager für ganze Lagereinheiten','2019-03-01 00:00:00',NULL),(3,'DL REGAL','Lager für Artikel in Kartons','2019-03-01 00:00:00',NULL),(4,'KOMMI','Kommissionierung für Blockpaletten','2019-03-01 00:00:00',NULL),(5,'KOMPAL100','Kommissionierlager für mit Pal. Höhe 100 cm','2019-03-01 00:00:00',NULL),(6,'KOMPAL200','Kommissionierlager für mit Pal. Höhe 200 cm','2019-03-01 00:00:00',NULL),(7,'NASPAL100','Nachschublager für mit Pal. Höhe 100 cm','2019-03-01 00:00:00',NULL),(8,'NASPAL200','Nachschublager für mit Pal. Höhe 200 cm','2019-03-01 00:00:00',NULL),(9,'WA','Warenausgang und Konfektion','2019-03-01 00:00:00',NULL);
/*!40000 ALTER TABLE `stock_zone` ENABLE KEYS */;
UNLOCK TABLES;

--
-- Table structure for table `stock_zone_layout`
--

DROP TABLE IF EXISTS `stock_zone_layout`;
/*!40101 SET @saved_cs_client     = @@character_set_client */;
/*!40101 SET character_set_client = utf8 */;
CREATE TABLE `stock_zone_layout` (
  `id` int(11) NOT NULL AUTO_INCREMENT,
  `stock_zone_short_desc` varchar(100) COLLATE utf8mb4_unicode_ci NOT NULL,
  `from_coordinate` decimal(25,0) NOT NULL,
  `from_stock_nr` int(11) NOT NULL,
  `from_level1` int(11) NOT NULL,
  `from_level2` int(11) NOT NULL,
  `from_level3` int(11) NOT NULL,
  `from_level4` int(11) NOT NULL,
  `to_coordinate` decimal(25,0) NOT NULL,
  `to_level1` int(11) NOT NULL,
  `to_level2` int(11) NOT NULL,
  `to_level3` int(11) NOT NULL,
  `to_level4` int(11) NOT NULL,
  `sum_stock_loc` int(11) NOT NULL,
  `created_at` datetime DEFAULT NULL,
  `updated_at` datetime DEFAULT NULL,
  PRIMARY KEY (`id`)
) ENGINE=InnoDB DEFAULT CHARSET=utf8mb4 COLLATE=utf8mb4_unicode_ci;
/*!40101 SET character_set_client = @saved_cs_client */;

--
-- Dumping data for table `stock_zone_layout`
--

LOCK TABLES `stock_zone_layout` WRITE;
/*!40000 ALTER TABLE `stock_zone_layout` DISABLE KEYS */;
/*!40000 ALTER TABLE `stock_zone_layout` ENABLE KEYS */;
UNLOCK TABLES;

--
-- Table structure for table `supplier`
--

DROP TABLE IF EXISTS `supplier`;
/*!40101 SET @saved_cs_client     = @@character_set_client */;
/*!40101 SET character_set_client = utf8 */;
CREATE TABLE `supplier` (
  `supplier_id` int(11) NOT NULL AUTO_INCREMENT,
  `supplier_nr` int(11) NOT NULL,
  `supplier_name` varchar(255) COLLATE utf8mb4_unicode_ci NOT NULL,
  `supplier_address_addition` varchar(255) COLLATE utf8mb4_unicode_ci DEFAULT NULL,
  `supplier_address_street` varchar(255) COLLATE utf8mb4_unicode_ci NOT NULL,
  `supplier_address_street_nr` varchar(10) COLLATE utf8mb4_unicode_ci NOT NULL,
  `supplier_address_country_code` varchar(10) COLLATE utf8mb4_unicode_ci NOT NULL,
  `supplier_address_zipcode` varchar(10) COLLATE utf8mb4_unicode_ci NOT NULL,
  `supplier_address_city` varchar(255) COLLATE utf8mb4_unicode_ci NOT NULL,
  `created_at` datetime DEFAULT NULL,
  `updated_at` datetime DEFAULT NULL,
  PRIMARY KEY (`supplier_id`)
) ENGINE=InnoDB AUTO_INCREMENT=6 DEFAULT CHARSET=utf8mb4 COLLATE=utf8mb4_unicode_ci;
/*!40101 SET character_set_client = @saved_cs_client */;

--
-- Dumping data for table `supplier`
--

LOCK TABLES `supplier` WRITE;
/*!40000 ALTER TABLE `supplier` DISABLE KEYS */;
INSERT INTO `supplier` VALUES (1,70000,'4MBO International Electronic AG','','Fabrikstraße','45','DE','73207','Plochingen','2019-03-01 00:00:00','2023-02-04 11:17:51'),(2,70001,'Cyberport GmbH','','Am Brauhaus','5','DE','01099','Dresden','2019-03-01 00:00:00',NULL),(5,70002,'TestLieferant',NULL,'TestStraße','100','DE','07747','Jena','2023-02-27 21:29:24',NULL);
/*!40000 ALTER TABLE `supplier` ENABLE KEYS */;
UNLOCK TABLES;

--
-- Table structure for table `supplier_order_pos`
--

DROP TABLE IF EXISTS `supplier_order_pos`;
/*!40101 SET @saved_cs_client     = @@character_set_client */;
/*!40101 SET character_set_client = utf8 */;
CREATE TABLE `supplier_order_pos` (
  `id` int(11) NOT NULL AUTO_INCREMENT,
  `supplier_order_pos_quantity` int(11) NOT NULL,
  `supplier_order_id` int(11) NOT NULL,
  `article_id` int(11) NOT NULL,
  `article_nr` varchar(50) COLLATE utf8mb4_unicode_ci NOT NULL,
  `article_name` varchar(255) COLLATE utf8mb4_unicode_ci NOT NULL,
  `created_at` datetime DEFAULT NULL,
  `updated_at` datetime DEFAULT NULL,
  PRIMARY KEY (`id`),
  KEY `IDX_59B093121605B9` (`supplier_order_id`),
  CONSTRAINT `FK_59B093121605B9` FOREIGN KEY (`supplier_order_id`) REFERENCES `supplier_orders` (`id`)
) ENGINE=InnoDB AUTO_INCREMENT=5 DEFAULT CHARSET=utf8mb4 COLLATE=utf8mb4_unicode_ci;
/*!40101 SET character_set_client = @saved_cs_client */;

--
-- Dumping data for table `supplier_order_pos`
--

LOCK TABLES `supplier_order_pos` WRITE;
/*!40000 ALTER TABLE `supplier_order_pos` DISABLE KEYS */;
INSERT INTO `supplier_order_pos` VALUES (1,5000,100001,1,'60004','Telefon MBO Alpha 1600 CT','2019-03-01 00:00:00',NULL),(2,5000,100001,2,'60008','Telefon MBO Alpha 1650 CT','2019-03-01 00:00:00',NULL),(3,5000,100002,3,'90001','Monitor LG 22MK600M-B LED 21.5 Zoll Full-HD','2019-03-01 00:00:00',NULL),(4,5000,100002,4,'80025','Desktop PC Aspire XC-885 - Schwarz','2019-03-01 00:00:00',NULL);
/*!40000 ALTER TABLE `supplier_order_pos` ENABLE KEYS */;
UNLOCK TABLES;

--
-- Table structure for table `supplier_orders`
--

DROP TABLE IF EXISTS `supplier_orders`;
/*!40101 SET @saved_cs_client     = @@character_set_client */;
/*!40101 SET character_set_client = utf8 */;
CREATE TABLE `supplier_orders` (
  `id` int(11) NOT NULL AUTO_INCREMENT,
  `supplier_order_id` int(11) NOT NULL,
  `usr_id` int(11) NOT NULL,
  `supplier_id` int(11) DEFAULT NULL,
  `supplier_order_nr` varchar(255) COLLATE utf8mb4_unicode_ci NOT NULL,
  `supplier_order_reference` varchar(255) COLLATE utf8mb4_unicode_ci DEFAULT NULL,
  `supplier_order_date` datetime DEFAULT NULL,
  `supplier_order_creation_date` datetime DEFAULT NULL,
  `created_at` datetime DEFAULT NULL,
  `updated_at` datetime DEFAULT NULL,
  PRIMARY KEY (`id`)
) ENGINE=InnoDB AUTO_INCREMENT=100003 DEFAULT CHARSET=utf8mb4 COLLATE=utf8mb4_unicode_ci;
/*!40101 SET character_set_client = @saved_cs_client */;

--
-- Dumping data for table `supplier_orders`
--

LOCK TABLES `supplier_orders` WRITE;
/*!40000 ALTER TABLE `supplier_orders` DISABLE KEYS */;
INSERT INTO `supplier_orders` VALUES (100001,100001,2,1,'EBE-01-100001','Telefon Aktion ALDI','2019-07-20 00:00:00','2019-07-15 00:00:00','2019-07-15 00:00:00',NULL),(100002,100002,2,2,'EBE-01-100002','PC Aktion Lidl','2019-08-03 00:00:00','2019-08-01 00:00:00','2019-08-01 00:00:00',NULL);
/*!40000 ALTER TABLE `supplier_orders` ENABLE KEYS */;
UNLOCK TABLES;

--
-- Table structure for table `transport_history`
--

DROP TABLE IF EXISTS `transport_history`;
/*!40101 SET @saved_cs_client     = @@character_set_client */;
/*!40101 SET character_set_client = utf8 */;
CREATE TABLE `transport_history` (
  `id` int(11) NOT NULL AUTO_INCREMENT,
  `su_id` int(11) NOT NULL,
  `tr_nr` int(11) NOT NULL,
  `tr_pos` int(11) NOT NULL,
  `tr_prio` int(11) NOT NULL DEFAULT 0,
  `article_nr` varchar(20) COLLATE utf8mb4_unicode_ci NOT NULL,
  `tr_quantity` decimal(11,3) NOT NULL,
  `stock_coordinate` varchar(25) COLLATE utf8mb4_unicode_ci NOT NULL,
  `stock_nr` int(11) NOT NULL,
  `stock_level1` int(11) NOT NULL,
  `stock_level2` int(11) NOT NULL,
  `stock_level3` int(11) NOT NULL,
  `stock_level4` int(11) NOT NULL,
  `tr_access` datetime DEFAULT NULL,
  `tr_dispatch` datetime DEFAULT NULL,
  `tr_state` int(11) NOT NULL DEFAULT 0,
  `order_username` varchar(30) COLLATE utf8mb4_unicode_ci NOT NULL,
  `booking_method` varchar(10) COLLATE utf8mb4_unicode_ci NOT NULL,
  `doc_id` int(11) DEFAULT NULL,
  `order_nr` varchar(30) COLLATE utf8mb4_unicode_ci NOT NULL,
  `order_pos` int(11) NOT NULL,
  `charge` varchar(30) COLLATE utf8mb4_unicode_ci DEFAULT NULL,
  `loading_equipment` varchar(30) COLLATE utf8mb4_unicode_ci NOT NULL,
  `confirmation_state` int(11) NOT NULL DEFAULT 0,
  `tr_username` varchar(30) COLLATE utf8mb4_unicode_ci NOT NULL,
  `tr_computer_ip` varchar(30) COLLATE utf8mb4_unicode_ci NOT NULL,
  `tr_blocked` tinyint(1) NOT NULL DEFAULT 0,
  `tr_start_date` datetime DEFAULT NULL,
  `tr_edited` tinyint(1) NOT NULL DEFAULT 0,
  `tr_type` int(11) NOT NULL,
  `created_at` datetime DEFAULT NULL,
  `updated_at` datetime DEFAULT NULL,
  PRIMARY KEY (`id`)
) ENGINE=InnoDB AUTO_INCREMENT=82 DEFAULT CHARSET=utf8mb4 COLLATE=utf8mb4_unicode_ci;
/*!40101 SET character_set_client = @saved_cs_client */;

--
-- Dumping data for table `transport_history`
--

LOCK TABLES `transport_history` WRITE;
/*!40000 ALTER TABLE `transport_history` DISABLE KEYS */;
INSERT INTO `transport_history` VALUES (1,10000001,100,1,0,'60004',480.000,'141000100010001',141,1,1,1,1,'2019-08-03 10:38:21',NULL,0,'karlfeld','IN102',100001,'EBE-01-100001',1,NULL,'PAL100',0,'brunolag','192.168.1.52',0,NULL,0,1,NULL,NULL),(2,10000002,100,2,0,'60004',480.000,'141000100020001',141,1,2,1,1,'2019-08-03 10:38:21',NULL,0,'karlfeld','IN102',100001,'EBE-01-100001',1,NULL,'PAL100',0,'brunolag','192.168.1.52',0,NULL,0,1,NULL,NULL),(3,10000003,100,3,0,'60004',480.000,'141000100030001',141,1,3,1,1,'2019-08-03 10:38:21',NULL,0,'karlfeld','IN102',100001,'EBE-01-100001',1,NULL,'PAL100',0,'brunolag','192.168.1.52',0,NULL,0,1,NULL,NULL),(4,10000004,100,4,0,'60004',480.000,'141000100040001',141,1,4,1,1,'2019-08-03 10:38:21',NULL,0,'karlfeld','IN102',100001,'EBE-01-100001',1,NULL,'PAL100',0,'brunolag','192.168.1.52',0,NULL,0,1,NULL,NULL),(5,10000005,100,5,0,'60004',480.000,'141000100050001',141,1,5,1,1,'2019-08-03 10:38:21',NULL,0,'karlfeld','IN102',100001,'EBE-01-100001',1,NULL,'PAL100',0,'brunolag','192.168.1.52',0,NULL,0,1,NULL,NULL),(6,10000006,100,6,0,'60004',480.000,'141000100060001',141,1,6,1,1,'2019-08-03 10:38:21',NULL,0,'karlfeld','IN102',100001,'EBE-01-100001',1,NULL,'PAL100',0,'brunolag','192.168.1.52',0,NULL,0,1,NULL,NULL),(7,10000007,100,7,0,'60004',480.000,'141000100070001',141,1,7,1,1,'2019-08-03 10:38:21',NULL,0,'karlfeld','IN102',100001,'EBE-01-100001',1,NULL,'PAL100',0,'brunolag','192.168.1.52',0,NULL,0,1,NULL,NULL),(8,10000008,100,8,0,'60004',480.000,'141000100080001',141,1,8,1,1,'2019-08-03 10:38:21',NULL,0,'karlfeld','IN102',100001,'EBE-01-100001',1,NULL,'PAL100',0,'brunolag','192.168.1.52',0,NULL,0,1,NULL,NULL),(9,10000009,100,9,0,'60004',480.000,'141000100090001',141,1,9,1,1,'2019-08-03 10:38:21',NULL,0,'karlfeld','IN102',100001,'EBE-01-100001',1,NULL,'PAL100',0,'brunolag','192.168.1.52',0,NULL,0,1,NULL,NULL),(10,10000010,100,10,0,'60004',480.000,'141000100100001',141,1,10,1,1,'2019-08-03 10:38:21',NULL,0,'karlfeld','IN102',100001,'EBE-01-100001',1,NULL,'PAL100',0,'brunolag','192.168.1.52',0,NULL,0,1,NULL,NULL),(11,10000011,100,11,0,'60004',200.000,'151000100010001',151,1,1,1,1,'2019-08-03 10:38:21',NULL,0,'karlfeld','IN102',100001,'EBE-01-100001',1,NULL,'KARTON',0,'brunolag','192.168.1.52',0,NULL,0,1,NULL,NULL),(12,10000012,101,1,0,'60008',480.000,'141000200010001',141,2,1,1,1,'2019-08-07 12:11:39',NULL,0,'karlfeld','IN102',100001,'EBE-01-100001',2,NULL,'PAL200',0,'brunolag','192.168.1.52',0,NULL,0,1,NULL,NULL),(13,10000013,101,2,0,'60008',480.000,'141000200020001',141,2,2,1,1,'2019-08-07 12:11:39',NULL,0,'karlfeld','IN102',100001,'EBE-01-100001',2,NULL,'PAL200',0,'brunolag','192.168.1.52',0,NULL,0,1,NULL,NULL),(14,10000014,101,3,0,'60008',480.000,'141000200030001',141,2,3,1,1,'2019-08-07 12:11:39',NULL,0,'karlfeld','IN102',100001,'EBE-01-100001',2,NULL,'PAL200',0,'brunolag','192.168.1.52',0,NULL,0,1,NULL,NULL),(15,10000015,101,4,0,'60008',480.000,'141000200040001',141,2,4,1,1,'2019-08-07 12:11:39',NULL,0,'karlfeld','IN102',100001,'EBE-01-100001',2,NULL,'PAL200',0,'brunolag','192.168.1.52',0,NULL,0,1,NULL,NULL),(16,10000016,101,5,0,'60008',480.000,'141000200050001',141,2,5,1,1,'2019-08-07 12:11:39',NULL,0,'karlfeld','IN102',100001,'EBE-01-100001',2,NULL,'PAL200',0,'brunolag','192.168.1.52',0,NULL,0,1,NULL,NULL),(17,10000017,101,6,0,'60008',480.000,'141000200060001',141,2,6,1,1,'2019-08-07 12:11:39',NULL,0,'karlfeld','IN102',100001,'EBE-01-100001',2,NULL,'PAL200',0,'brunolag','192.168.1.52',0,NULL,0,1,NULL,NULL),(18,10000018,101,7,0,'60008',480.000,'141000200070001',141,2,7,1,1,'2019-08-07 12:11:39',NULL,0,'karlfeld','IN102',100001,'EBE-01-100001',2,NULL,'PAL200',0,'brunolag','192.168.1.52',0,NULL,0,1,NULL,NULL),(19,10000019,101,8,0,'60008',480.000,'141000200080001',141,2,8,1,1,'2019-08-07 12:11:39',NULL,0,'karlfeld','IN102',100001,'EBE-01-100001',2,NULL,'PAL200',0,'brunolag','192.168.1.52',0,NULL,0,1,NULL,NULL),(20,10000020,101,9,0,'60008',480.000,'141000200090001',141,2,9,1,1,'2019-08-07 12:11:39',NULL,0,'karlfeld','IN102',100001,'EBE-01-100001',2,NULL,'PAL200',0,'brunolag','192.168.1.52',0,NULL,0,1,NULL,NULL),(21,10000021,101,10,0,'60008',480.000,'141000200100001',141,2,10,1,1,'2019-08-07 12:11:39',NULL,0,'karlfeld','IN102',100001,'EBE-01-100001',2,NULL,'PAL200',0,'brunolag','192.168.1.52',0,NULL,0,1,NULL,NULL),(22,10000022,101,11,0,'60008',200.000,'151000200010001',151,2,1,1,1,'2019-08-07 12:11:39',NULL,0,'karlfeld','IN102',100001,'EBE-01-100001',2,NULL,'KARTON',0,'brunolag','192.168.1.52',0,NULL,0,1,NULL,NULL),(23,10000001,102,1,0,'60004',60.000,'141000100010001',141,1,1,1,1,NULL,'2019-08-03 10:38:21',0,'karlfeld','WA202',710001,'VLS-01-710001',1,NULL,'PAL100',0,'jocash','192.168.1.55',0,NULL,0,2,NULL,NULL),(24,10000012,102,2,0,'60008',80.000,'141000200010001',141,2,1,1,1,NULL,'2019-08-03 10:38:21',0,'karlfeld','WA202',710001,'VLS-01-710001',2,NULL,'PAL200',0,'jocash','192.168.1.55',0,NULL,0,2,NULL,NULL),(25,10000001,103,1,0,'60004',80.000,'141000100010001',141,1,1,1,1,NULL,'2019-08-03 10:38:21',0,'karlfeld','WA202',710002,'VLS-01-710002',1,NULL,'PAL100',0,'jocash','192.168.1.55',0,NULL,0,2,NULL,NULL),(26,10000012,103,2,0,'60008',70.000,'141000200010001',141,2,1,1,1,NULL,'2019-08-03 10:38:21',0,'karlfeld','WA202',710002,'VLS-01-710002',2,NULL,'PAL200',0,'jocash','192.168.1.55',0,NULL,0,2,NULL,NULL),(27,10000001,104,1,0,'60004',80.000,'141000100010001',141,1,1,1,1,NULL,'2019-08-03 10:38:21',0,'karlfeld','WA202',710003,'VLS-01-710003',1,NULL,'PAL100',0,'jocash','192.168.1.55',0,NULL,0,2,NULL,NULL),(28,10000012,104,2,0,'60008',80.000,'141000200010001',141,2,1,1,1,NULL,'2019-08-03 10:38:21',0,'karlfeld','WA202',710003,'VLS-01-710003',2,NULL,'PAL200',0,'jocash','192.168.1.55',0,NULL,0,2,NULL,NULL),(29,10000001,105,1,0,'60004',80.000,'141000100010001',141,1,1,1,1,NULL,'2019-08-03 10:38:21',0,'karlfeld','WA202',710004,'VLS-01-710004',1,NULL,'PAL100',0,'jocash','192.168.1.55',0,NULL,0,2,NULL,NULL),(30,10000012,105,2,0,'60008',80.000,'141000200010001',141,2,1,1,1,NULL,'2019-08-03 10:38:21',0,'karlfeld','WA202',710004,'VLS-01-710004',2,NULL,'PAL200',0,'jocash','192.168.1.55',0,NULL,0,2,NULL,NULL),(31,10000001,106,1,0,'60004',80.000,'141000100010001',141,1,1,1,1,NULL,'2019-08-03 10:38:21',0,'karlfeld','WA202',710005,'VLS-01-710005',1,NULL,'PAL100',0,'jocash','192.168.1.55',0,NULL,0,2,NULL,NULL),(32,10000012,106,2,0,'60008',80.000,'141000200010001',141,2,1,1,1,NULL,'2019-08-03 10:38:21',0,'karlfeld','WA202',710005,'VLS-01-710005',2,NULL,'PAL200',0,'jocash','192.168.1.55',0,NULL,0,2,NULL,NULL),(33,10000002,107,1,0,'60004',80.000,'141000100020001',141,1,2,1,1,NULL,'2019-08-03 10:38:21',0,'karlfeld','WA202',710006,'VLS-01-710006',1,NULL,'PAL100',0,'jocash','192.168.1.55',0,NULL,0,2,NULL,NULL),(34,10000013,107,2,0,'60008',80.000,'141000200020001',141,2,2,1,1,NULL,'2019-08-03 10:38:21',0,'karlfeld','WA202',710006,'VLS-01-710006',2,NULL,'PAL200',0,'jocash','192.168.1.55',0,NULL,0,2,NULL,NULL),(35,10000002,108,1,0,'60004',80.000,'141000100020001',141,1,2,1,1,NULL,'2019-08-03 10:38:21',0,'karlfeld','WA202',710007,'VLS-01-710007',1,NULL,'PAL100',0,'jocash','192.168.1.55',0,NULL,0,2,NULL,NULL),(36,10000013,108,2,0,'60008',80.000,'141000200020001',141,2,2,1,1,NULL,'2019-08-03 10:38:21',0,'karlfeld','WA202',710007,'VLS-01-710007',2,NULL,'PAL200',0,'jocash','192.168.1.55',0,NULL,0,2,NULL,NULL),(37,10000002,109,1,0,'60004',80.000,'141000100020001',141,1,2,1,1,NULL,'2019-08-03 10:38:21',0,'karlfeld','WA202',710008,'VLS-01-710008',1,NULL,'PAL100',0,'jocash','192.168.1.55',0,NULL,0,2,NULL,NULL),(38,10000013,109,2,0,'60008',80.000,'141000200020001',141,2,2,1,1,NULL,'2019-08-03 10:38:21',0,'karlfeld','WA202',710008,'VLS-01-710008',2,NULL,'PAL200',0,'jocash','192.168.1.55',0,NULL,0,2,NULL,NULL),(39,10000002,110,1,0,'60004',80.000,'141000100020001',141,1,2,1,1,NULL,'2019-08-03 10:38:21',0,'karlfeld','WA202',710009,'VLS-01-710009',1,NULL,'PAL100',0,'jocash','192.168.1.55',0,NULL,0,2,NULL,NULL),(40,10000013,110,2,0,'60008',80.000,'141000200020001',141,2,2,1,1,NULL,'2019-08-03 10:38:21',0,'karlfeld','WA202',710009,'VLS-01-710009',2,NULL,'PAL200',0,'jocash','192.168.1.55',0,NULL,0,2,NULL,NULL),(41,10000002,111,1,0,'60004',80.000,'141000100020001',141,1,2,1,1,NULL,'2019-08-03 10:38:21',0,'karlfeld','WA202',710010,'VLS-01-710010',1,NULL,'PAL100',0,'jocash','192.168.1.55',0,NULL,0,2,NULL,NULL),(42,10000013,111,2,0,'60008',80.000,'141000200020001',141,2,2,1,1,NULL,'2019-08-03 10:38:21',0,'karlfeld','WA202',710010,'VLS-01-710010',2,NULL,'PAL200',0,'jocash','192.168.1.55',0,NULL,0,2,NULL,NULL),(43,10000001,112,1,0,'60004',50.000,'141000100010001',141,1,1,1,1,'2020-01-08 11:38:47',NULL,0,'karlfeld','IN102',100001,'EBE-01-100001',1,NULL,'PAL100',0,'brunolag','192.168.1.52',0,NULL,0,1,NULL,NULL),(44,10000001,113,1,0,'60004',20.000,'141000100010001',141,1,1,1,1,NULL,'2020-01-08 11:47:12',0,'karlfeld','WA202',710011,'VLS-01-710011',1,NULL,'PAL100',0,'jocash','192.168.1.55',0,NULL,0,2,NULL,NULL),(45,10000001,114,1,0,'80025',24.000,'170000100010001',170,1,1,1,1,NULL,'2020-01-08 13:20:33',0,'karlfeld','WA202',710012,'VLS-01-710012',1,NULL,'WA-SPED',0,'jocash','192.168.1.55',0,NULL,0,2,NULL,NULL),(46,10000001,115,1,0,'71105',20.000,'170000100010001',170,1,1,1,1,NULL,'2020-01-08 13:31:10',0,'karlfeld','WA202',710012,'VLS-01-710012',1,NULL,'WA-SPED',0,'jocash','192.168.1.55',0,NULL,0,2,NULL,NULL),(47,10000001,116,1,0,'60004',50.000,'141000100010001',141,1,1,1,1,'2020-01-09 10:26:41',NULL,0,'karlfeld','IN102',100001,'EBE-01-100001',1,NULL,'PAL100',0,'brunolag','192.168.1.52',0,NULL,0,1,NULL,NULL),(48,10000001,117,1,0,'60004',50.000,'141000100010001',141,1,1,1,1,'2020-01-09 10:58:13',NULL,0,'karlfeld','IN102',100001,'EBE-01-100001',1,NULL,'PAL100',0,'brunolag','192.168.1.52',0,NULL,0,1,NULL,NULL),(49,10000002,118,1,0,'60004',50.000,'141000100020001',141,1,2,1,1,'2020-01-09 10:58:13',NULL,0,'karlfeld','IN102',100001,'EBE-01-100001',1,NULL,'PAL100',0,'brunolag','192.168.1.52',0,NULL,0,1,NULL,NULL),(51,10000023,120,1,0,'60004',40.000,'141000100010001',141,1,1,1,1,'2022-07-20 15:13:32',NULL,0,'karlfeld','IN102',100001,'EBE-01-100001',1,NULL,'PAL100',0,'brunolag','192.168.1.52',0,NULL,0,1,NULL,NULL),(52,10000024,121,1,0,'80025',24.000,'104000100010001',104,1,1,1,1,'2019-12-15 06:13:12',NULL,0,'karlfeld','IN102',100002,'EBE-01-100002',1,NULL,'BLOCK',0,'brunolag','192.168.1.52',0,NULL,0,1,NULL,NULL),(53,10000025,121,1,0,'80025',24.000,'104000100010002',104,1,1,2,1,'2019-12-15 06:13:12',NULL,0,'karlfeld','IN102',100002,'EBE-01-100002',1,NULL,'BLOCK',0,'brunolag','192.168.1.52',0,NULL,0,1,NULL,NULL),(54,10000026,121,1,0,'80025',24.000,'104000100010003',104,1,1,3,1,'2019-12-15 06:13:12',NULL,0,'karlfeld','IN102',100002,'EBE-01-100002',1,NULL,'BLOCK',0,'brunolag','192.168.1.52',0,NULL,0,1,NULL,NULL),(55,10000027,121,1,0,'80025',24.000,'104000100010004',104,1,1,4,1,'2019-12-15 06:13:12',NULL,0,'karlfeld','IN102',100002,'EBE-01-100002',1,NULL,'BLOCK',0,'brunolag','192.168.1.52',0,NULL,0,1,NULL,NULL),(56,10000028,121,1,0,'80025',24.000,'104000100010005',104,1,1,5,1,'2019-12-15 06:13:12',NULL,0,'karlfeld','IN102',100002,'EBE-01-100002',1,NULL,'BLOCK',0,'brunolag','192.168.1.52',0,NULL,0,1,NULL,NULL),(57,10000029,121,1,0,'80025',24.000,'104000100010006',104,1,1,6,1,'2019-12-15 06:13:12',NULL,0,'karlfeld','IN102',100002,'EBE-01-100002',1,NULL,'BLOCK',0,'brunolag','192.168.1.52',0,NULL,0,1,NULL,NULL),(58,10000030,121,1,0,'80025',24.000,'104000100010007',104,1,1,7,1,'2019-12-15 06:13:12',NULL,0,'karlfeld','IN102',100002,'EBE-01-100002',1,NULL,'BLOCK',0,'brunolag','192.168.1.52',0,NULL,0,1,NULL,NULL),(59,10000031,121,1,0,'80025',24.000,'104000100010008',104,1,1,8,1,'2019-12-15 06:13:12',NULL,0,'karlfeld','IN102',100002,'EBE-01-100002',1,NULL,'BLOCK',0,'brunolag','192.168.1.52',0,NULL,0,1,NULL,NULL),(60,10000032,121,1,0,'80025',24.000,'104000100010009',104,1,1,9,1,'2019-12-15 06:13:12',NULL,0,'karlfeld','IN102',100002,'EBE-01-100002',1,NULL,'BLOCK',0,'brunolag','192.168.1.52',0,NULL,0,1,NULL,NULL),(61,10000033,121,1,0,'80025',24.000,'104000100010010',104,1,1,10,1,'2019-12-15 06:13:12',NULL,0,'karlfeld','IN102',100002,'EBE-01-100002',1,NULL,'BLOCK',0,'brunolag','192.168.1.52',0,NULL,0,1,NULL,NULL),(62,10000034,121,1,0,'71105',24.000,'104000100020001',104,1,2,1,1,'2019-12-15 06:26:38',NULL,0,'karlfeld','IN102',100002,'EBE-01-100002',1,NULL,'BLOCK',0,'brunolag','192.168.1.52',0,NULL,0,1,NULL,NULL),(63,10000035,121,1,0,'71105',24.000,'104000100020002',104,1,2,2,1,'2019-12-15 06:26:38',NULL,0,'karlfeld','IN102',100002,'EBE-01-100002',1,NULL,'BLOCK',0,'brunolag','192.168.1.52',0,NULL,0,1,NULL,NULL),(64,10000036,121,1,0,'71105',24.000,'104000100020003',104,1,2,3,1,'2019-12-15 06:26:38',NULL,0,'karlfeld','IN102',100002,'EBE-01-100002',1,NULL,'BLOCK',0,'brunolag','192.168.1.52',0,NULL,0,1,NULL,NULL),(65,10000037,121,1,0,'71105',24.000,'104000100020004',104,1,2,4,1,'2019-12-15 06:26:38',NULL,0,'karlfeld','IN102',100002,'EBE-01-100002',1,NULL,'BLOCK',0,'brunolag','192.168.1.52',0,NULL,0,1,NULL,NULL),(66,10000038,121,1,0,'71105',24.000,'104000100020005',104,1,2,5,1,'2019-12-15 06:26:38',NULL,0,'karlfeld','IN102',100002,'EBE-01-100002',1,NULL,'BLOCK',0,'brunolag','192.168.1.52',0,NULL,0,1,NULL,NULL),(67,10000039,121,1,0,'71105',24.000,'104000100020006',104,1,2,6,1,'2019-12-15 06:26:38',NULL,0,'karlfeld','IN102',100002,'EBE-01-100002',1,NULL,'BLOCK',0,'brunolag','192.168.1.52',0,NULL,0,1,NULL,NULL),(68,10000040,121,1,0,'71105',24.000,'104000100020007',104,1,2,7,1,'2019-12-15 06:26:38',NULL,0,'karlfeld','IN102',100002,'EBE-01-100002',1,NULL,'BLOCK',0,'brunolag','192.168.1.52',0,NULL,0,1,NULL,NULL),(69,10000041,121,1,0,'71105',24.000,'104000100020008',104,1,2,8,1,'2019-12-15 06:26:38',NULL,0,'karlfeld','IN102',100002,'EBE-01-100002',1,NULL,'BLOCK',0,'brunolag','192.168.1.52',0,NULL,0,1,NULL,NULL),(70,10000042,121,1,0,'71105',24.000,'104000100020009',104,1,2,9,1,'2019-12-15 06:26:38',NULL,0,'karlfeld','IN102',100002,'EBE-01-100002',1,NULL,'BLOCK',0,'brunolag','192.168.1.52',0,NULL,0,1,NULL,NULL),(71,10000043,121,1,0,'71105',24.000,'104000100020010',104,1,2,10,1,'2019-12-15 06:26:38',NULL,0,'karlfeld','IN102',100002,'EBE-01-100002',1,NULL,'BLOCK',0,'brunolag','192.168.1.52',0,NULL,0,1,NULL,NULL),(72,10000044,121,1,0,'80025',24.000,'104000100010011',104,1,1,11,1,'2022-12-15 06:13:12',NULL,0,'karlfeld','IN102',100002,'EBE-01-100002',1,NULL,'BLOCK',0,'brunolag','192.168.1.52',0,NULL,0,1,NULL,NULL),(73,10000045,121,1,0,'80025',24.000,'104000100010012',104,1,1,12,1,'2022-12-15 06:13:12',NULL,0,'karlfeld','IN102',100002,'EBE-01-100002',1,NULL,'BLOCK',0,'brunolag','192.168.1.52',0,NULL,0,1,NULL,NULL),(74,10000046,121,1,0,'80025',24.000,'104000100010013',104,1,1,13,1,'2022-12-15 06:13:12',NULL,0,'karlfeld','IN102',100002,'EBE-01-100002',1,NULL,'BLOCK',0,'brunolag','192.168.1.52',0,NULL,0,1,NULL,NULL),(75,10000047,121,1,0,'80025',24.000,'104000100010014',104,1,1,14,1,'2022-12-15 06:13:12',NULL,0,'karlfeld','IN102',100002,'EBE-01-100002',1,NULL,'BLOCK',0,'brunolag','192.168.1.52',0,NULL,0,1,NULL,NULL),(76,10000048,121,1,0,'80025',24.000,'104000100010015',104,1,1,15,1,'2022-12-15 06:13:12',NULL,0,'karlfeld','IN102',100002,'EBE-01-100002',1,NULL,'BLOCK',0,'brunolag','192.168.1.52',0,NULL,0,1,NULL,NULL),(77,10000049,121,1,0,'71105',24.000,'104000100020011',104,1,2,11,1,'2022-12-15 06:26:38',NULL,0,'karlfeld','IN102',100002,'EBE-01-100002',1,NULL,'BLOCK',0,'brunolag','192.168.1.52',0,NULL,0,1,NULL,NULL),(78,10000050,121,1,0,'71105',24.000,'104000100020012',104,1,2,12,1,'2022-12-15 06:26:38',NULL,0,'karlfeld','IN102',100002,'EBE-01-100002',1,NULL,'BLOCK',0,'brunolag','192.168.1.52',0,NULL,0,1,NULL,NULL),(79,10000051,121,1,0,'71105',24.000,'104000100020013',104,1,2,13,1,'2022-12-15 06:26:38',NULL,0,'karlfeld','IN102',100002,'EBE-01-100002',1,NULL,'BLOCK',0,'brunolag','192.168.1.52',0,NULL,0,1,NULL,NULL),(80,10000052,121,1,0,'71105',24.000,'104000100020014',104,1,2,14,1,'2022-12-15 06:26:38',NULL,0,'karlfeld','IN102',100002,'EBE-01-100002',1,NULL,'BLOCK',0,'brunolag','192.168.1.52',0,NULL,0,1,NULL,NULL),(81,10000053,121,1,0,'71105',24.000,'104000100020015',104,1,2,15,1,'2022-12-15 06:26:38',NULL,0,'karlfeld','IN102',100002,'EBE-01-100002',1,NULL,'BLOCK',0,'brunolag','192.168.1.52',0,NULL,0,1,NULL,NULL);
/*!40000 ALTER TABLE `transport_history` ENABLE KEYS */;
UNLOCK TABLES;

--
-- Table structure for table `transport_request`
--

DROP TABLE IF EXISTS `transport_request`;
/*!40101 SET @saved_cs_client     = @@character_set_client */;
/*!40101 SET character_set_client = utf8 */;
CREATE TABLE `transport_request` (
  `id` int(11) NOT NULL AUTO_INCREMENT,
  `su_id` int(11) NOT NULL,
  `tr_nr` int(11) NOT NULL,
  `tr_pos` int(11) NOT NULL,
  `tr_prio` int(11) NOT NULL DEFAULT 0,
  `article_nr` varchar(20) COLLATE utf8mb4_unicode_ci NOT NULL,
  `tr_quantity` decimal(11,3) NOT NULL,
  `stock_coordinate` varchar(25) COLLATE utf8mb4_unicode_ci NOT NULL,
  `stock_nr` int(11) NOT NULL,
  `stock_level1` int(11) NOT NULL,
  `stock_level2` int(11) NOT NULL,
  `stock_level3` int(11) NOT NULL,
  `stock_level4` int(11) NOT NULL,
  `tr_access` datetime DEFAULT NULL,
  `tr_dispatch` datetime DEFAULT NULL,
  `tr_state` int(11) NOT NULL DEFAULT 0,
  `order_username` varchar(30) COLLATE utf8mb4_unicode_ci NOT NULL,
  `booking_method` varchar(10) COLLATE utf8mb4_unicode_ci NOT NULL,
  `doc_id` int(11) DEFAULT NULL,
  `order_nr` varchar(30) COLLATE utf8mb4_unicode_ci DEFAULT NULL,
  `order_pos` int(11) DEFAULT NULL,
  `charge` varchar(30) COLLATE utf8mb4_unicode_ci DEFAULT NULL,
  `loading_equipment` varchar(30) COLLATE utf8mb4_unicode_ci NOT NULL,
  `confirmation_state` int(11) DEFAULT NULL,
  `tr_username` varchar(30) COLLATE utf8mb4_unicode_ci DEFAULT NULL,
  `tr_computer_ip` varchar(30) COLLATE utf8mb4_unicode_ci NOT NULL,
  `tr_blocked` tinyint(1) DEFAULT NULL,
  `tr_start_date` datetime DEFAULT NULL,
  `tr_edited` tinyint(1) DEFAULT NULL,
  `tr_type` int(11) NOT NULL,
  `created_at` datetime DEFAULT NULL,
  `updated_at` datetime DEFAULT NULL,
  PRIMARY KEY (`id`)
) ENGINE=InnoDB AUTO_INCREMENT=68 DEFAULT CHARSET=utf8mb4 COLLATE=utf8mb4_unicode_ci;
/*!40101 SET character_set_client = @saved_cs_client */;

--
-- Dumping data for table `transport_request`
--

LOCK TABLES `transport_request` WRITE;
/*!40000 ALTER TABLE `transport_request` DISABLE KEYS */;
INSERT INTO `transport_request` VALUES (51,10000001,121,1,0,'60004',480.000,'141000100010001',141,1,1,1,1,'2022-02-19 14:05:12',NULL,1,'karlfeld','IN102',100001,'EBE-01-100001',1,NULL,'PAL100',0,'brunolag','192.168.1.52',0,NULL,0,1,NULL,NULL),(52,10000001,122,1,0,'60004',40.000,'141000100010001',141,1,1,1,1,NULL,'2022-02-19 15:22:37',0,'karlfeld','WA202',710012,'VLS-01-710012',1,NULL,'PAL100',0,'jocash','192.168.1.55',0,NULL,0,2,NULL,NULL);
/*!40000 ALTER TABLE `transport_request` ENABLE KEYS */;
UNLOCK TABLES;

--
-- Table structure for table `user`
--

DROP TABLE IF EXISTS `user`;
/*!40101 SET @saved_cs_client     = @@character_set_client */;
/*!40101 SET character_set_client = utf8 */;
CREATE TABLE `user` (
  `id` int(11) NOT NULL AUTO_INCREMENT,
  `username` varchar(255) COLLATE utf8mb4_unicode_ci NOT NULL,
  `role_id` int(11) DEFAULT NULL,
  `roles` longtext CHARACTER SET utf8mb4 COLLATE utf8mb4_bin DEFAULT NULL CHECK (json_valid(`roles`)),
  `password` varchar(255) COLLATE utf8mb4_unicode_ci NOT NULL,
  `firstname` varchar(255) COLLATE utf8mb4_unicode_ci DEFAULT NULL,
  `lastname` varchar(255) COLLATE utf8mb4_unicode_ci DEFAULT NULL,
  `email` varchar(255) COLLATE utf8mb4_unicode_ci NOT NULL,
  `last_login` datetime DEFAULT NULL,
  `enabled` tinyint(1) NOT NULL,
  `created_at` datetime DEFAULT NULL,
  `updated_at` datetime DEFAULT NULL,
  PRIMARY KEY (`id`),
  UNIQUE KEY `UNIQ_8D93D649F85E0677` (`username`),
  KEY `IDX_8D93D649D60322AC` (`role_id`),
  CONSTRAINT `FK_1483A5E9D60322AC` FOREIGN KEY (`role_id`) REFERENCES `roles` (`id`)
) ENGINE=InnoDB AUTO_INCREMENT=6 DEFAULT CHARSET=utf8mb4 COLLATE=utf8mb4_unicode_ci;
/*!40101 SET character_set_client = @saved_cs_client */;

--
-- Dumping data for table `user`
--

LOCK TABLES `user` WRITE;
/*!40000 ALTER TABLE `user` DISABLE KEYS */;
INSERT INTO `user` VALUES (1,'admin',1,NULL,'$2y$13$mjtovsCX6wBG0aLlsFY2We92TKaJ9v/Ol2FSMfV0FFSmQH6Cq7L4G','Rene','Irrgang','','2023-05-02 10:40:34',0,'2019-08-03 10:30:00','2023-02-09 13:25:34'),(2,'brunolag',5,NULL,'','Bruno','Lagerfeld','',NULL,0,'2019-08-03 10:30:00','2023-02-07 09:31:23'),(3,'karlfeld',9,NULL,'karlfeld2019','Karl','Feldlager','',NULL,0,'2019-08-03 10:30:00',NULL),(4,'jocash',7,NULL,'jocash2019','Johnny','Cash','',NULL,0,'2019-08-03 10:30:00',NULL),(5,'rirrgang',1,NULL,'$2y$13$z.BS7KJVHUx3udmPvX3s3eouxAJN.YDgD2WfP3u8NY.2Q8RHdmdXa','Rene','Irrgang','',NULL,0,'2019-08-03 10:30:00','2023-02-09 14:43:50');
/*!40000 ALTER TABLE `user` ENABLE KEYS */;
UNLOCK TABLES;
/*!40103 SET TIME_ZONE=@OLD_TIME_ZONE */;

/*!40101 SET SQL_MODE=@OLD_SQL_MODE */;
/*!40014 SET FOREIGN_KEY_CHECKS=@OLD_FOREIGN_KEY_CHECKS */;
/*!40014 SET UNIQUE_CHECKS=@OLD_UNIQUE_CHECKS */;
/*!40101 SET CHARACTER_SET_CLIENT=@OLD_CHARACTER_SET_CLIENT */;
/*!40101 SET CHARACTER_SET_RESULTS=@OLD_CHARACTER_SET_RESULTS */;
/*!40101 SET COLLATION_CONNECTION=@OLD_COLLATION_CONNECTION */;
/*!40111 SET SQL_NOTES=@OLD_SQL_NOTES */;

-- Dump completed on 2023-05-02 10:54:36
